test_id,input0_df,input1_df,output_df,math_fidelity,output_t,output_mb_r,output_mb_c,output_ub_r,output_ub_c,mblock_k,ublock_kt,nz_strips,nz_ublocks,nz_tiles,runtime
0,Bfp2,Bfp8,Bfp8,LoFi,1,7,1,2,2,16,4,2,7,39,5830
1,Bfp2,Bfp8,Bfp8,LoFi,3,4,1,4,1,7,4,6,15,163,15349
2,Bfp2,Bfp8,Bfp8,LoFi,3,4,4,4,1,7,4,6,15,163,55229
3,Bfp2,Bfp8,Bfp8,LoFi,3,4,4,4,2,7,4,6,15,163,61177
4,Bfp2,Bfp8,Bfp8,LoFi,3,7,4,4,1,16,4,6,15,163,75593
5,Bfp2,Bfp8,Bfp8,LoFi,3,7,4,4,1,7,4,6,15,163,75515
6,Bfp2,Float16,Float16,HiFi2,3,4,4,4,1,7,4,6,15,163,56709
7,Bfp2,Bfp8,Bfp8,LoFi,3,4,4,4,1,16,4,6,15,163,55265
8,Bfp2,Float16,Float16,HiFi2,3,4,4,4,1,7,4,6,15,71,36936
9,Bfp2,Bfp8,Bfp8,LoFi,3,7,4,4,1,16,4,6,15,71,56327
10,Bfp2,Bfp8,Bfp8,LoFi,3,4,4,4,1,16,4,6,15,71,36492
11,Bfp2,Bfp8,Bfp8,LoFi,3,7,4,4,1,7,4,6,15,71,56136
12,Bfp2,Bfp8,Bfp8,LoFi,3,4,4,4,1,7,4,6,15,71,36418
13,Bfp2,Bfp8,Bfp8,LoFi,3,4,4,4,2,7,4,6,15,71,44244
14,Bfp2,Bfp8,Bfp8,LoFi,3,4,1,4,2,16,4,6,15,71,12482
15,Bfp2,Bfp8,Bfp8,LoFi,3,4,1,4,2,16,4,6,15,163,16711
16,Bfp2,Bfp8,Bfp8,LoFi,3,4,1,4,2,7,4,6,15,71,12461
17,Bfp2,Bfp8,Bfp8,LoFi,3,4,1,4,2,7,4,6,15,163,16656
18,Bfp2,Bfp8,Bfp8,LoFi,3,4,1,4,1,7,4,6,15,71,10627
19,Bfp2,Bfp8,Bfp8,LoFi,3,4,1,4,1,16,4,6,15,71,10627
20,Bfp2,Bfp8,Bfp8,LoFi,3,4,1,4,1,16,4,6,15,163,15346
21,Bfp2,Bfp8,Bfp8,LoFi,3,7,1,4,2,7,4,6,15,163,21895
22,Bfp2,Bfp8,Bfp8,LoFi,3,7,1,4,2,16,4,6,15,163,21904
23,Bfp2,Bfp8,Bfp8,LoFi,3,7,1,4,2,7,4,6,15,71,18534
24,Bfp2,Bfp8,Bfp8,LoFi,3,7,1,4,1,7,4,6,15,163,19242
25,Bfp2,Bfp8,Bfp8,LoFi,3,7,1,4,1,7,4,6,15,71,15431
26,Bfp2,Bfp8,Bfp8,LoFi,3,7,1,4,2,16,4,6,15,71,18546
27,Bfp2,Bfp8,Bfp8,LoFi,3,7,1,4,1,16,4,6,15,71,15390
28,Bfp2,Bfp8,Bfp8,LoFi,3,7,1,4,1,16,4,6,15,163,19233
29,Bfp2,Float16,Float16,HiFi2,3,4,1,4,2,16,4,6,15,163,20542
30,Bfp2,Float16,Float16,HiFi2,3,7,1,4,2,16,4,6,15,163,25852
31,Bfp2,Float16,Float16,HiFi2,3,4,1,4,2,7,4,6,15,163,20653
32,Bfp2,Float16,Float16,HiFi2,3,7,1,4,2,7,4,6,15,163,26018
33,Bfp2,Float16,Float16,HiFi2,3,4,1,4,1,7,4,6,15,163,15467
34,Bfp2,Float16,Float16,HiFi2,3,7,1,4,1,7,4,6,15,163,18989
35,Bfp2,Float16,Float16,HiFi2,3,4,1,4,1,16,4,6,15,163,15479
36,Bfp2,Float16,Float16,HiFi2,3,7,1,4,1,16,4,6,15,163,19079
37,Bfp2,Float16,Float16,HiFi2,3,4,1,4,2,16,4,6,15,71,14338
38,Bfp2,Float16,Float16,HiFi2,3,4,1,4,2,7,4,6,15,71,14483
39,Bfp2,Float16,Float16,HiFi2,3,4,1,4,1,7,4,6,15,71,10598
40,Bfp2,Float16,Float16,HiFi2,3,7,1,4,2,7,4,6,15,71,19901
41,Bfp2,Float16,Float16,HiFi2,3,7,1,4,2,16,4,6,15,71,20357
42,Bfp2,Float16,Float16,HiFi2,3,7,1,4,1,16,4,6,15,71,15445
43,Bfp2,Float16,Float16,HiFi2,3,4,1,4,1,16,4,6,15,71,10672
44,Bfp2,Float16,Float16,HiFi2,3,7,1,4,1,7,4,6,15,71,15470
45,Bfp2,Bfp8,Bfp8,LoFi,3,4,4,4,2,7,2,6,15,71,44183
46,Bfp2,Bfp8,Bfp8,LoFi,3,4,4,4,2,16,2,6,15,71,44030
47,Bfp2,Bfp8,Bfp8,LoFi,3,4,4,4,1,16,2,6,15,71,36497
48,Bfp2,Float16,Float16,HiFi2,3,4,4,4,1,16,2,6,15,71,37039
49,Bfp2,Bfp8,Bfp8,LoFi,3,7,4,4,1,16,2,6,15,71,56200
50,Bfp2,Bfp8,Bfp8,LoFi,3,7,1,4,1,16,2,6,15,71,15409
51,Bfp2,Bfp8,Bfp8,LoFi,3,7,4,4,1,7,2,6,15,71,56238
52,Bfp2,Bfp8,Bfp8,LoFi,3,4,4,4,1,7,2,6,15,71,36507
53,Bfp2,Bfp8,Bfp8,LoFi,3,7,1,4,1,7,2,6,15,71,15389
54,Bfp2,Bfp8,Bfp8,LoFi,3,4,1,4,1,7,2,6,15,71,10576
55,Bfp2,Bfp8,Bfp8,LoFi,3,4,1,4,1,16,2,6,15,71,10551
56,Bfp2,Float16,Float16,HiFi2,3,7,1,4,1,16,2,6,15,71,15476
57,Bfp2,Float16,Float16,HiFi2,3,4,1,4,1,16,2,6,15,71,10663
58,Bfp2,Float16,Float16,HiFi2,3,7,1,4,1,7,2,6,15,71,15512
59,Bfp2,Float16,Float16,HiFi2,3,4,1,4,1,7,2,6,15,71,10606
60,Bfp2,Float16,Float16,HiFi2,3,4,4,4,1,7,2,6,15,71,36891
61,Bfp2,Bfp8,Bfp8,LoFi,3,7,1,4,2,16,2,6,15,71,18516
62,Bfp2,Float16,Float16,HiFi2,3,7,1,4,2,16,2,6,15,71,20297
63,Bfp2,Bfp8,Bfp8,LoFi,3,4,1,4,2,16,2,6,15,71,12491
64,Bfp2,Float16,Float16,HiFi2,3,4,1,4,2,16,2,6,15,71,14255
65,Bfp2,Bfp8,Bfp8,LoFi,3,7,1,4,2,7,2,6,15,71,18473
66,Bfp2,Float16,Float16,HiFi2,3,7,1,4,2,7,2,6,15,71,20014
67,Bfp2,Float16,Float16,HiFi2,3,4,1,4,2,7,2,6,15,71,14229
68,Bfp2,Bfp8,Bfp8,LoFi,3,4,1,4,2,7,2,6,15,71,12494
69,Bfp2,Bfp8,Bfp8,LoFi,3,7,4,4,1,7,4,6,31,135,66525
70,Bfp2,Bfp8,Bfp8,LoFi,3,7,4,4,1,7,4,6,31,323,107974
71,Bfp2,Bfp8,Bfp8,LoFi,3,7,4,4,1,16,4,6,31,135,66740
72,Bfp2,Bfp8,Bfp8,LoFi,3,7,4,4,1,16,4,6,31,323,108030
73,Bfp2,Bfp8,Bfp8,LoFi,3,7,4,4,1,16,2,6,31,135,66620
74,Bfp2,Bfp8,Bfp8,LoFi,3,7,1,4,1,16,2,6,31,135,18324
75,Bfp2,Bfp8,Bfp8,LoFi,3,7,1,4,2,16,2,6,31,135,21993
76,Bfp2,Bfp8,Bfp8,LoFi,3,7,1,4,2,16,4,6,31,135,21970
77,Bfp2,Bfp8,Bfp8,LoFi,3,7,1,4,2,16,4,6,31,323,30194
78,Bfp2,Bfp8,Bfp8,LoFi,3,7,1,4,1,16,4,6,31,135,18397
79,Bfp2,Bfp8,Bfp8,LoFi,3,7,1,4,1,16,4,6,31,323,28573
80,Bfp2,Bfp8,Bfp8,LoFi,3,7,4,4,1,7,2,6,31,135,66590
81,Bfp2,Bfp8,Bfp8,LoFi,3,7,1,4,2,7,4,6,31,135,21977
82,Bfp2,Bfp8,Bfp8,LoFi,3,7,1,4,2,7,4,6,31,323,30238
83,Bfp2,Bfp8,Bfp8,LoFi,3,7,1,4,1,7,4,6,31,135,18319
84,Bfp2,Bfp8,Bfp8,LoFi,3,7,1,4,1,7,4,6,31,323,28559
85,Bfp2,Bfp8,Bfp8,LoFi,3,7,1,4,2,7,2,6,31,135,21934
86,Bfp2,Bfp8,Bfp8,LoFi,3,7,1,4,1,7,2,6,31,135,18376
87,Bfp2,Float16,Float16,HiFi2,3,7,1,4,2,7,4,6,31,135,25636
88,Bfp2,Float16,Float16,HiFi2,3,7,1,4,2,7,2,6,31,135,25383
89,Bfp2,Float16,Float16,HiFi2,3,7,1,4,2,7,4,6,31,323,38371
90,Bfp2,Float16,Float16,HiFi2,3,7,1,4,1,7,4,6,31,135,18454
91,Bfp2,Float16,Float16,HiFi2,3,7,1,4,1,7,4,6,31,323,27745
92,Bfp2,Float16,Float16,HiFi2,3,7,1,4,1,7,2,6,31,135,18563
93,Bfp2,Float16,Float16,HiFi2,3,7,1,4,1,16,2,6,31,135,18600
94,Bfp2,Float16,Float16,HiFi2,3,7,1,4,2,16,2,6,31,135,25327
95,Bfp2,Float16,Float16,HiFi2,3,7,1,4,1,16,4,6,31,135,18424
96,Bfp2,Float16,Float16,HiFi2,3,7,1,4,1,16,4,6,31,323,27733
97,Bfp2,Float16,Float16,HiFi2,3,7,1,4,2,16,4,6,31,323,38406
98,Bfp2,Float16,Float16,HiFi2,3,7,1,4,2,16,4,6,31,135,25476
99,Bfp2,Bfp8,Bfp8,LoFi,3,4,4,4,1,16,2,4,11,55,27252
100,Bfp2,Float16,Float16,HiFi2,3,4,4,4,1,16,2,4,11,55,27173
101,Bfp2,Float16,Float16,HiFi2,3,4,1,4,1,16,2,4,11,55,7740
102,Bfp2,Bfp8,Bfp8,LoFi,3,4,1,4,1,16,2,4,11,55,7717
103,Bfp2,Bfp8,Bfp8,LoFi,3,4,4,4,2,16,2,4,11,55,33458
104,Bfp2,Bfp8,Bfp8,LoFi,3,4,1,4,2,16,2,4,11,55,9401
105,Bfp2,Float16,Float16,HiFi2,3,4,1,4,2,16,2,4,11,55,10009
106,Bfp2,Float16,Float16,HiFi2,3,7,1,4,2,16,2,4,23,103,17425
107,Bfp2,Float16,Float16,HiFi2,3,7,1,4,1,16,2,4,23,103,13419
108,Bfp2,Float16,Float16,HiFi2,3,7,1,4,2,16,2,4,11,55,15393
109,Bfp2,Float16,Float16,HiFi2,3,7,1,4,1,16,2,4,11,55,12107
110,Bfp2,Bfp8,Bfp8,LoFi,3,7,4,4,1,16,2,4,23,103,48501
111,Bfp2,Bfp8,Bfp8,LoFi,3,7,4,4,1,16,2,4,11,55,44440
112,Bfp2,Bfp8,Bfp8,LoFi,3,7,1,4,1,16,2,4,11,55,12114
113,Bfp2,Bfp8,Bfp8,LoFi,3,7,1,4,1,16,2,4,23,103,13295
114,Bfp2,Bfp8,Bfp8,LoFi,3,7,1,4,2,16,2,4,11,55,14814
115,Bfp2,Bfp8,Bfp8,LoFi,3,7,1,4,2,16,2,4,23,103,16359
116,Bfp2,Float16,Float16,HiFi2,3,4,1,4,2,2,2,4,11,55,10379
117,Bfp2,Float16,Float16,HiFi2,3,4,1,4,2,7,2,4,11,55,9872
118,Bfp2,Float16,Float16,HiFi2,3,4,1,4,1,7,2,4,11,55,7731
119,Bfp2,Float16,Float16,HiFi2,3,4,1,4,1,2,2,4,11,55,8022
120,Bfp2,Bfp8,Bfp8,LoFi,3,4,1,4,2,7,2,4,11,55,9363
121,Bfp2,Bfp8,Bfp8,LoFi,3,4,1,4,2,2,2,4,11,55,9729
122,Bfp2,Bfp8,Bfp8,LoFi,3,7,1,4,2,7,2,4,11,55,14793
123,Bfp2,Bfp8,Bfp8,LoFi,3,7,1,4,2,2,2,4,11,55,15211
124,Bfp2,Float16,Float16,HiFi2,3,7,1,4,2,7,2,4,11,55,15329
125,Bfp2,Float16,Float16,HiFi2,3,7,1,4,2,2,2,4,11,55,15842
126,Bfp2,Float16,Float16,HiFi2,3,7,1,4,1,7,2,4,11,55,12096
127,Bfp2,Float16,Float16,HiFi2,3,7,1,4,1,2,2,4,11,55,12402
128,Bfp2,Bfp8,Bfp8,LoFi,3,7,1,4,1,2,2,4,11,55,12319
129,Bfp2,Bfp8,Bfp8,LoFi,3,4,1,4,1,2,2,4,11,55,7905
130,Bfp2,Bfp8,Bfp8,LoFi,3,4,1,4,1,7,2,4,11,55,7688
131,Bfp2,Bfp8,Bfp8,LoFi,3,7,1,4,1,7,2,4,11,55,12161
132,Bfp2,Bfp8,Bfp8,LoFi,3,7,1,4,2,7,2,4,23,103,16373
133,Bfp2,Bfp8,Bfp8,LoFi,3,7,1,4,1,7,2,4,23,103,13345
134,Bfp2,Bfp8,Bfp8,LoFi,3,7,1,4,2,2,2,4,23,103,16752
135,Bfp2,Bfp8,Bfp8,LoFi,3,7,1,4,1,2,2,4,23,103,13588
136,Bfp2,Float16,Float16,HiFi2,3,7,1,4,2,7,2,4,23,103,17000
137,Bfp2,Float16,Float16,HiFi2,3,7,1,4,1,7,2,4,23,103,13354
138,Bfp2,Float16,Float16,HiFi2,3,7,1,4,2,2,2,4,23,103,17440
139,Bfp2,Float16,Float16,HiFi2,3,7,1,4,1,2,2,4,23,103,13633
140,Bfp2,Bfp8,Bfp8,LoFi,3,4,4,4,2,7,2,4,11,55,33523
141,Bfp2,Bfp8,Bfp8,LoFi,3,4,4,4,1,7,2,4,11,55,27271
142,Bfp2,Bfp8,Bfp8,LoFi,3,4,4,4,2,2,2,4,11,55,35080
143,Bfp2,Bfp8,Bfp8,LoFi,3,4,4,4,1,2,2,4,11,55,28501
144,Bfp2,Bfp8,Bfp8,LoFi,3,7,4,4,1,2,2,4,11,55,45725
145,Bfp2,Bfp8,Bfp8,LoFi,3,7,4,4,1,7,2,4,11,55,44447
146,Bfp2,Bfp8,Bfp8,LoFi,3,7,4,4,1,7,2,4,23,103,48372
147,Bfp2,Bfp8,Bfp8,LoFi,3,7,4,4,1,2,2,4,23,103,49633
148,Bfp2,Float16,Float16,HiFi2,3,4,4,4,1,7,2,4,11,55,27136
149,Bfp2,Float16,Float16,HiFi2,3,4,4,4,1,2,2,4,11,55,28338
150,Bfp2,Float16,Float16,HiFi2,3,4,1,4,2,7,4,4,11,123,14592
151,Bfp2,Float16,Float16,HiFi2,3,4,1,4,2,16,4,4,11,123,14566
152,Bfp2,Float16,Float16,HiFi2,3,7,1,4,2,16,4,4,23,243,26772
153,Bfp2,Float16,Float16,HiFi2,3,7,1,4,2,16,4,4,23,103,17484
154,Bfp2,Float16,Float16,HiFi2,3,7,1,4,2,7,4,4,23,243,26822
155,Bfp2,Float16,Float16,HiFi2,3,7,1,4,2,7,4,4,23,103,17188
156,Bfp2,Float16,Float16,HiFi2,3,7,1,4,1,7,4,4,23,243,18559
157,Bfp2,Float16,Float16,HiFi2,3,7,1,4,1,7,4,4,23,103,13347
158,Bfp2,Float16,Float16,HiFi2,3,7,1,4,1,16,4,4,23,243,18544
159,Bfp2,Float16,Float16,HiFi2,3,7,1,4,1,16,4,4,23,103,13346
160,Bfp2,Float16,Float16,HiFi2,3,7,1,4,2,16,4,4,11,123,19960
161,Bfp2,Float16,Float16,HiFi2,3,7,1,4,2,7,4,4,11,123,19884
162,Bfp2,Float16,Float16,HiFi2,3,7,1,4,2,7,4,4,11,55,15494
163,Bfp2,Float16,Float16,HiFi2,3,7,1,4,2,16,4,4,11,55,15498
164,Bfp2,Float16,Float16,HiFi2,3,7,1,4,1,16,4,4,11,123,13983
165,Bfp2,Float16,Float16,HiFi2,3,7,1,4,1,7,4,4,11,123,13984
166,Bfp2,Float16,Float16,HiFi2,3,7,1,4,1,7,4,4,11,55,12084
167,Bfp2,Float16,Float16,HiFi2,3,7,1,4,1,16,4,4,11,55,12126
168,Bfp2,Float16,Float16,HiFi2,3,7,1,4,2,2,4,4,11,123,19583
169,Bfp2,Float16,Float16,HiFi2,3,7,1,4,2,2,4,4,11,55,15833
170,Bfp2,Float16,Float16,HiFi2,3,7,1,4,1,2,4,4,11,123,14841
171,Bfp2,Float16,Float16,HiFi2,3,7,1,4,1,2,4,4,11,55,12412
172,Bfp2,Float16,Float16,HiFi2,3,7,1,4,1,2,4,4,23,103,13591
173,Bfp2,Float16,Float16,HiFi2,3,7,1,4,2,2,4,4,23,103,17681
174,Bfp2,Float16,Float16,HiFi2,3,7,1,4,1,2,4,4,23,243,20497
175,Bfp2,Float16,Float16,HiFi2,3,7,1,4,2,2,4,4,23,243,27038
176,Bfp2,Bfp8,Bfp8,LoFi,3,7,1,4,1,16,4,4,23,103,13300
177,Bfp2,Bfp8,Bfp8,LoFi,3,7,1,4,1,7,4,4,23,103,13308
178,Bfp2,Bfp8,Bfp8,LoFi,3,7,1,4,1,16,4,4,23,243,19410
179,Bfp2,Bfp8,Bfp8,LoFi,3,7,1,4,1,7,4,4,23,243,19399
180,Bfp2,Bfp8,Bfp8,LoFi,3,7,1,4,1,2,4,4,23,103,13539
181,Bfp2,Bfp8,Bfp8,LoFi,3,7,1,4,1,2,4,4,23,243,19995
182,Bfp2,Bfp8,Bfp8,LoFi,3,7,1,4,1,2,4,4,11,55,12373
183,Bfp2,Bfp8,Bfp8,LoFi,3,7,1,4,1,2,4,4,11,123,14666
184,Bfp2,Bfp8,Bfp8,LoFi,3,7,1,4,1,7,4,4,11,55,12044
185,Bfp2,Bfp8,Bfp8,LoFi,3,7,1,4,1,16,4,4,11,55,12067
186,Bfp2,Bfp8,Bfp8,LoFi,3,7,1,4,1,16,4,4,11,123,14030
187,Bfp2,Bfp8,Bfp8,LoFi,3,7,1,4,1,7,4,4,11,123,14009
188,Bfp2,Bfp8,Bfp8,LoFi,3,7,1,4,2,7,4,4,23,103,16392
189,Bfp2,Bfp8,Bfp8,LoFi,3,7,1,4,2,16,4,4,23,103,16382
190,Bfp2,Bfp8,Bfp8,LoFi,3,7,1,4,2,16,4,4,23,243,19737
191,Bfp2,Bfp8,Bfp8,LoFi,3,7,1,4,2,7,4,4,23,243,19750
192,Bfp2,Bfp8,Bfp8,LoFi,3,7,1,4,2,7,4,4,11,55,14741
193,Bfp2,Bfp8,Bfp8,LoFi,3,7,1,4,2,7,4,4,11,123,16388
194,Bfp2,Bfp8,Bfp8,LoFi,3,7,1,4,2,16,4,4,11,55,14768
195,Bfp2,Bfp8,Bfp8,LoFi,3,7,1,4,2,16,4,4,11,123,16389
196,Bfp2,Bfp8,Bfp8,LoFi,3,7,1,4,2,2,4,4,23,103,16781
197,Bfp2,Bfp8,Bfp8,LoFi,3,7,1,4,2,2,4,4,23,243,21840
198,Bfp2,Bfp8,Bfp8,LoFi,3,7,1,4,2,2,4,4,11,55,15201
199,Bfp2,Bfp8,Bfp8,LoFi,3,7,1,4,2,2,4,4,11,123,17415
200,Bfp2,Bfp8,Bfp8,LoFi,3,7,4,4,1,16,4,4,23,103,48425
201,Bfp2,Bfp8,Bfp8,LoFi,3,7,4,4,1,7,4,4,23,103,48379
202,Bfp2,Bfp8,Bfp8,LoFi,3,7,4,4,1,7,4,4,11,55,44460
203,Bfp2,Bfp8,Bfp8,LoFi,3,7,4,4,1,16,4,4,11,55,44445
204,Bfp2,Bfp8,Bfp8,LoFi,3,7,4,4,1,16,4,4,23,243,71940
205,Bfp2,Bfp8,Bfp8,LoFi,3,7,4,4,1,16,4,4,11,123,55308
206,Bfp2,Bfp8,Bfp8,LoFi,3,7,4,4,1,7,4,4,23,243,71826
207,Bfp2,Bfp8,Bfp8,LoFi,3,7,4,4,1,2,4,4,23,243,73917
208,Bfp2,Bfp8,Bfp8,LoFi,3,7,4,4,1,2,4,4,11,123,57062
209,Bfp2,Bfp8,Bfp8,LoFi,3,7,4,4,1,2,4,4,23,103,49638
210,Bfp2,Bfp8,Bfp8,LoFi,3,7,4,4,1,2,4,4,11,55,45648
211,Bfp2,Bfp8,Bfp8,LoFi,3,7,4,4,1,7,4,4,11,123,55214
212,Bfp2,Float16,Float16,HiFi2,3,4,1,4,2,7,4,4,11,55,10039
213,Bfp2,Float16,Float16,HiFi2,3,4,1,4,2,16,4,4,11,55,10020
214,Bfp2,Float16,Float16,HiFi2,3,4,1,4,2,2,4,4,11,55,10474
215,Bfp2,Float16,Float16,HiFi2,3,4,1,4,2,2,4,4,11,123,14938
216,Bfp2,Float16,Float16,HiFi2,3,4,4,4,1,2,4,4,11,55,28334
217,Bfp2,Float16,Float16,HiFi2,3,4,4,4,1,2,4,4,11,123,40293
218,Bfp2,Float16,Float16,HiFi2,3,4,1,4,1,2,4,4,11,55,8046
219,Bfp2,Float16,Float16,HiFi2,3,4,1,4,1,2,4,4,11,123,11022
220,Bfp2,Bfp8,Bfp8,LoFi,3,4,4,4,2,2,4,4,11,55,35063
221,Bfp2,Bfp8,Bfp8,LoFi,3,4,1,4,2,2,4,4,11,55,9715
222,Bfp2,Bfp8,Bfp8,LoFi,3,4,4,4,2,2,4,4,11,123,44057
223,Bfp2,Bfp8,Bfp8,LoFi,3,4,1,4,2,2,4,4,11,123,11942
224,Bfp2,Bfp8,Bfp8,LoFi,3,4,4,4,1,2,4,4,11,55,28535
225,Bfp2,Bfp8,Bfp8,LoFi,3,4,4,4,1,2,4,4,11,123,39785
226,Bfp2,Bfp8,Bfp8,LoFi,3,4,1,4,1,2,4,4,11,55,7881
227,Bfp2,Bfp8,Bfp8,LoFi,3,4,1,4,1,2,4,4,11,123,10854
228,Bfp2,Float16,Float16,HiFi2,3,4,1,4,1,7,4,4,11,55,7718
229,Bfp2,Float16,Float16,HiFi2,3,4,1,4,1,16,4,4,11,55,7776
230,Bfp2,Float16,Float16,HiFi2,3,4,1,4,1,16,4,4,11,123,10447
231,Bfp2,Float16,Float16,HiFi2,3,4,1,4,1,7,4,4,11,123,10455
232,Bfp2,Bfp8,Bfp8,LoFi,3,4,1,4,1,7,4,4,11,123,10414
233,Bfp2,Bfp8,Bfp8,LoFi,3,4,1,4,1,16,4,4,11,123,10405
234,Bfp2,Bfp8,Bfp8,LoFi,3,4,1,4,1,16,4,4,11,55,7716
235,Bfp2,Bfp8,Bfp8,LoFi,3,4,1,4,1,7,4,4,11,55,7710
236,Bfp2,Float16,Float16,HiFi2,3,4,4,4,1,7,4,4,11,123,38365
237,Bfp2,Float16,Float16,HiFi2,3,4,4,4,1,7,4,4,11,55,27147
238,Bfp2,Bfp8,Bfp8,LoFi,3,4,4,4,1,7,4,4,11,123,37264
239,Bfp2,Bfp8,Bfp8,LoFi,3,4,4,4,1,16,4,4,11,123,37232
240,Bfp2,Bfp8,Bfp8,LoFi,3,4,4,4,1,16,4,4,11,55,27241
241,Bfp2,Bfp8,Bfp8,LoFi,3,4,4,4,1,7,4,4,11,55,27184
242,Bfp2,Bfp8,Bfp8,LoFi,3,4,4,4,2,7,4,4,11,123,40992
243,Bfp2,Bfp8,Bfp8,LoFi,3,4,4,4,2,7,4,4,11,55,33507
244,Bfp2,Bfp8,Bfp8,LoFi,3,4,1,4,2,16,4,4,11,55,9371
245,Bfp2,Bfp8,Bfp8,LoFi,3,4,1,4,2,16,4,4,11,123,11148
246,Bfp2,Bfp8,Bfp8,LoFi,3,4,1,4,2,7,4,4,11,123,11100
247,Bfp2,Bfp8,Bfp8,LoFi,3,4,1,4,2,7,4,4,11,55,9353
248,Bfp2,Float16,Float16,HiFi2,2,7,1,4,2,16,2,3,9,47,11922
249,Bfp2,Float16,Float16,HiFi2,1,7,1,4,2,16,2,2,7,39,7775
250,Bfp2,Float16,Float16,HiFi2,2,7,1,4,2,16,2,3,19,87,13714
251,Bfp2,Float16,Float16,HiFi2,2,7,1,4,2,16,2,5,27,119,21919
252,Bfp2,Float16,Float16,HiFi2,2,7,1,4,2,16,2,5,13,63,16145
253,Bfp2,Bfp8,Bfp8,LoFi,2,7,1,4,2,16,2,5,13,63,14642
254,Bfp2,Bfp8,Bfp8,LoFi,2,7,1,4,2,16,2,5,27,119,19105
255,Bfp2,Float16,Float16,HiFi2,2,4,1,4,2,16,2,5,13,63,11836
256,Bfp2,Bfp8,Bfp8,LoFi,2,4,1,4,2,16,2,5,13,63,10195
257,Bfp2,Float16,Float16,HiFi2,2,4,1,4,2,16,4,5,13,143,17580
258,Bfp2,Bfp8,Bfp8,LoFi,2,4,1,4,2,16,4,5,13,143,14688
259,Bfp2,Bfp8,Bfp8,LoFi,2,4,1,4,2,16,4,5,13,63,10324
260,Bfp2,Bfp8,Bfp8,LoFi,1,4,1,4,2,16,4,2,7,39,4989
261,Bfp2,Bfp8,Bfp8,LoFi,1,4,1,4,2,16,4,4,11,55,9112
262,Bfp2,Bfp8,Bfp8,LoFi,1,4,1,4,2,16,2,2,7,39,4961
263,Bfp2,Bfp8,Bfp8,LoFi,1,4,1,4,2,16,2,4,11,55,9116
264,Bfp2,Bfp8,Bfp8,LoFi,2,4,1,4,2,16,2,3,9,47,7251
265,Bfp2,Bfp8,Bfp8,LoFi,2,4,1,4,2,16,4,3,9,47,7297
266,Bfp2,Bfp8,Bfp8,LoFi,1,4,1,4,2,16,4,2,7,83,7598
267,Bfp2,Bfp8,Bfp8,LoFi,2,4,1,4,2,16,4,3,9,103,9409
268,Bfp2,Bfp8,Bfp8,LoFi,1,4,1,4,2,16,4,4,11,123,13151
269,Bfp2,Float16,Float16,HiFi2,2,4,1,4,2,16,4,5,13,63,11991
270,Bfp2,Float16,Float16,HiFi2,3,7,4,2,1,7,4,6,31,135,59705
271,Bfp2,Float16,Float16,HiFi2,2,7,4,2,1,7,4,5,27,119,53071
272,Bfp2,Float16,Float16,HiFi2,3,7,4,2,1,2,4,4,23,103,45157
273,Bfp2,Float16,Float16,HiFi2,3,7,4,2,1,7,4,6,15,71,50945
274,Bfp2,Bfp8,Bfp8,LoFi,2,7,4,4,1,7,4,5,27,283,95996
275,Bfp2,Float16,Float16,HiFi2,2,7,1,4,1,7,4,5,27,283,25000
276,Bfp2,Float16,Float16,HiFi2,3,7,1,2,1,7,4,6,31,135,16389
277,Bfp2,Float16,Float16,HiFi2,3,7,1,2,1,7,4,6,15,71,13927
278,Bfp2,Float16,Float16,HiFi2,2,7,4,2,1,7,4,5,13,63,41456
279,Bfp2,Bfp8,Bfp8,LoFi,3,7,4,2,1,7,4,6,15,71,50736
280,Bfp2,Bfp8,Bfp8,LoFi,2,7,4,4,1,7,4,5,13,143,63251
281,Bfp2,Bfp8,Bfp8,LoFi,2,7,4,4,1,7,4,5,27,119,58613
282,Bfp2,Float16,Float16,HiFi2,2,7,1,4,2,7,4,5,27,283,33602
283,Bfp2,Float16,Float16,HiFi2,2,7,1,4,2,16,4,5,13,143,21556
284,Bfp2,Float16,Float16,HiFi2,2,7,1,4,2,16,4,5,13,63,16269
285,Bfp2,Float16,Float16,HiFi2,2,7,1,4,2,7,4,5,13,143,21684
286,Bfp2,Bfp8,Bfp8,LoFi,2,7,1,4,1,7,4,5,27,283,25803
287,Bfp2,Bfp8,Bfp8,LoFi,2,7,1,4,1,16,4,5,27,283,25750
288,Bfp2,Float16,Float16,HiFi2,3,4,1,2,2,16,4,6,15,71,11368
289,Bfp2,Float16,Float16,HiFi2,3,4,1,2,2,7,4,6,15,71,11506
290,Bfp2,Bfp8,Bfp8,LoFi,3,7,4,2,1,16,4,6,15,71,50778
292,Bfp2,Bfp8,Bfp8,LoFi,2,7,4,4,1,16,2,5,13,63,45297
293,Bfp2,Bfp8,Bfp8,LoFi,3,7,4,2,2,7,4,6,15,71,56693
294,Bfp2,Bfp8,Bfp8,LoFi,2,4,4,4,2,16,2,5,13,63,36762
295,Bfp2,Bfp8,Bfp8,LoFi,2,4,1,4,1,16,2,5,13,63,8804
296,Bfp2,Float16,Float16,HiFi2,2,7,1,4,2,7,2,5,13,63,16288
297,Bfp2,Float16,Float16,HiFi2,2,7,1,4,2,7,2,5,27,119,21806
298,Bfp2,Bfp8,Bfp8,LoFi,3,4,1,2,1,16,4,6,15,71,9677
299,Bfp2,Bfp8,Bfp8,LoFi,2,4,1,4,1,16,4,5,13,143,13734
300,Bfp2,Bfp8,Bfp8,LoFi,2,4,1,4,1,16,4,5,13,63,8908
301,Bfp2,Bfp8,Bfp8,LoFi,2,4,4,4,1,16,4,5,13,143,48377
302,Bfp2,Float16,Float16,HiFi2,3,7,1,2,2,7,4,6,31,135,20144
303,Bfp2,Bfp8,Bfp8,LoFi,1,7,4,4,2,2,2,2,7,39,24358
304,Bfp2,Bfp8,Bfp8,LoFi,2,7,4,4,1,16,2,5,27,119,58667
305,Bfp2,Float16,Float16,HiFi2,2,7,4,4,1,7,2,5,13,63,45245
306,Bfp2,Float16,Float16,HiFi2,3,4,1,2,1,7,4,6,15,71,9808
307,Bfp2,Bfp8,Bfp8,LoFi,3,4,1,2,2,7,4,6,15,71,10698
308,Bfp2,Bfp8,Bfp8,LoFi,3,4,1,2,1,7,4,6,15,71,9688
309,Bfp2,Bfp8,Bfp8,LoFi,3,4,1,2,2,16,4,6,15,71,10677
310,Bfp2,Float16,Float16,HiFi2,2,7,4,4,1,16,2,5,13,63,45342
311,Bfp2,Bfp8,Bfp8,LoFi,3,7,4,2,1,16,4,6,31,135,59645
312,Bfp2,Bfp8,Bfp8,LoFi,2,4,1,4,2,7,2,5,13,63,10241
313,Bfp2,Bfp8,Bfp8,LoFi,2,4,1,4,1,7,2,5,13,63,8833
315,Bfp2,Bfp8,Bfp8,LoFi,1,7,4,4,2,7,2,4,23,103,60909
316,Bfp2,Bfp8,Bfp8,LoFi,3,7,4,2,2,7,4,6,31,135,67264
317,Bfp2,Bfp8,Bfp8,LoFi,3,7,4,2,1,7,4,6,31,135,59726
318,Bfp2,Bfp8,Bfp8,LoFi,3,7,1,2,2,7,4,6,31,135,18333
319,Bfp2,Bfp8,Bfp8,LoFi,3,7,1,2,2,16,4,6,31,135,18339
320,Bfp2,Bfp8,Bfp8,LoFi,3,7,1,2,2,16,4,6,15,71,15459
321,Bfp2,Float16,Float16,HiFi2,1,4,1,4,1,2,2,2,7,39,4577
322,Bfp2,Float16,Float16,HiFi2,1,4,4,4,2,2,2,2,7,39,21535
323,Bfp2,Bfp8,Bfp8,LoFi,3,7,1,2,1,7,4,6,31,135,16348
324,Bfp2,Float16,Float16,HiFi2,1,4,4,4,1,2,2,2,7,39,16016
325,Bfp2,Float16,Float16,HiFi2,1,4,4,4,1,7,2,2,7,39,15739
326,Bfp2,Float16,Float16,HiFi2,1,7,4,4,1,7,2,4,23,103,51759
327,Bfp2,Float16,Float16,HiFi2,1,7,4,4,1,7,4,4,23,103,51845
328,Bfp2,Float16,Float16,HiFi2,1,7,4,4,1,7,4,4,23,243,84232
329,Bfp2,Float16,Float16,HiFi2,1,7,1,4,2,7,4,4,23,243,29116
330,Bfp2,Bfp8,Bfp8,LoFi,2,7,1,4,2,7,2,5,27,119,19205
331,Bfp2,Bfp8,Bfp8,LoFi,3,7,1,2,1,16,4,6,31,135,16390
332,Bfp2,Float16,Float16,HiFi2,2,7,4,4,1,16,2,5,27,119,58514
333,Bfp2,Float16,Float16,HiFi2,1,4,4,4,1,16,2,2,7,39,15720
334,Bfp2,Float16,Float16,HiFi2,1,4,4,4,1,16,2,4,11,55,28738
335,Bfp2,Bfp8,Bfp8,LoFi,3,4,4,2,1,16,4,6,15,71,32717
336,Bfp2,Bfp8,Bfp8,LoFi,1,4,4,2,2,2,4,2,7,39,16148
337,Bfp2,Float16,Float16,HiFi2,1,7,1,4,2,16,2,4,23,103,18569
338,Bfp2,Float16,Float16,HiFi2,1,7,1,4,1,16,2,4,23,103,14256
339,Bfp2,Float16,Float16,HiFi2,1,7,4,4,1,16,2,4,23,103,51843
340,Bfp2,Bfp8,Bfp8,LoFi,3,4,4,2,2,2,4,4,11,55,28559
341,Bfp2,Bfp8,Bfp8,LoFi,2,4,4,2,2,2,4,3,9,47,21153
342,Bfp2,Bfp8,Bfp8,LoFi,1,4,4,2,2,7,4,4,11,55,28869
343,Bfp2,Bfp8,Bfp8,LoFi,1,4,4,2,2,7,4,2,7,39,15923
344,Bfp2,Bfp8,Bfp8,LoFi,2,4,4,2,2,7,4,3,9,47,21154
345,Bfp2,Bfp8,Bfp8,LoFi,3,4,4,2,2,7,4,4,11,55,27284
346,Bfp2,Bfp8,Bfp8,LoFi,3,4,4,2,2,7,4,6,15,71,36751
347,Bfp2,Bfp8,Bfp8,LoFi,2,4,4,2,2,7,4,5,13,63,31175
348,Bfp2,Bfp8,Bfp8,LoFi,1,4,4,4,2,2,4,2,7,83,28154
349,Bfp2,Bfp8,Bfp8,LoFi,1,4,4,4,2,7,4,2,7,83,28054
350,Bfp2,Bfp8,Bfp8,LoFi,1,4,4,4,2,2,4,2,7,39,17410
351,Bfp2,Bfp8,Bfp8,LoFi,1,4,4,4,2,7,4,2,7,39,17287
352,Bfp2,Bfp8,Bfp8,LoFi,1,4,4,4,2,7,4,4,11,123,49355
353,Bfp2,Bfp8,Bfp8,LoFi,1,4,4,4,2,7,4,4,11,55,33245
354,Bfp2,Bfp8,Bfp8,LoFi,2,4,4,4,2,7,4,5,13,143,53091
355,Bfp2,Bfp8,Bfp8,LoFi,2,4,4,4,2,2,4,3,9,103,34732
356,Bfp2,Bfp8,Bfp8,LoFi,2,4,4,4,2,2,4,3,9,47,25820
357,Bfp2,Bfp8,Bfp8,LoFi,2,4,4,4,2,7,4,3,9,103,34518
358,Bfp2,Bfp8,Bfp8,LoFi,2,4,4,4,2,7,4,3,9,47,25928
359,Bfp2,Bfp8,Bfp8,LoFi,2,4,4,4,2,7,4,5,13,63,36986
360,Bfp2,Bfp8,Bfp8,LoFi,1,4,4,4,1,16,4,4,11,123,43586
361,Bfp2,Bfp8,Bfp8,LoFi,1,4,4,4,1,7,4,4,11,123,43587
362,Bfp2,Bfp8,Bfp8,LoFi,1,4,4,4,1,16,4,4,11,55,28142
363,Bfp2,Bfp8,Bfp8,LoFi,1,4,4,4,1,16,4,2,7,83,25421
364,Bfp2,Bfp8,Bfp8,LoFi,1,4,4,4,1,2,4,2,7,83,25302
365,Bfp2,Bfp8,Bfp8,LoFi,1,4,4,4,1,16,4,2,7,39,15421
366,Bfp2,Bfp8,Bfp8,LoFi,1,4,4,4,1,2,4,2,7,39,15534
367,Bfp2,Bfp8,Bfp8,LoFi,1,4,4,4,1,7,4,2,7,83,25421
368,Bfp2,Bfp8,Bfp8,LoFi,1,4,4,4,1,7,4,4,11,55,28093
369,Bfp2,Bfp8,Bfp8,LoFi,1,4,4,4,1,7,4,2,7,39,15402
370,Bfp2,Bfp8,Bfp8,LoFi,1,4,4,2,1,16,4,4,11,55,25895
371,Bfp2,Bfp8,Bfp8,LoFi,1,4,4,2,1,2,4,2,7,39,14669
372,Bfp2,Bfp8,Bfp8,LoFi,1,4,4,2,1,16,4,2,7,39,14499
373,Bfp2,Bfp8,Bfp8,LoFi,1,4,4,2,1,7,4,2,7,39,14529
374,Bfp2,Bfp8,Bfp8,LoFi,1,4,4,2,1,7,4,4,11,55,25839
375,Bfp2,Bfp8,Bfp8,LoFi,2,4,4,2,1,16,4,5,13,63,28119
376,Bfp2,Bfp8,Bfp8,LoFi,2,4,4,2,1,16,4,3,9,47,18789
377,Bfp2,Bfp8,Bfp8,LoFi,3,4,4,2,1,16,4,4,11,55,24430
378,Bfp2,Bfp8,Bfp8,LoFi,2,4,4,2,1,2,4,3,9,47,18808
379,Bfp2,Bfp8,Bfp8,LoFi,3,4,4,2,1,2,4,4,11,55,25350
380,Bfp2,Bfp8,Bfp8,LoFi,2,4,4,4,1,2,4,3,9,103,31879
381,Bfp2,Bfp8,Bfp8,LoFi,2,4,4,4,1,16,4,5,13,63,30856
382,Bfp2,Bfp8,Bfp8,LoFi,2,4,4,4,1,16,4,3,9,103,31481
383,Bfp2,Bfp8,Bfp8,LoFi,2,4,4,4,1,16,4,3,9,47,21018
384,Bfp2,Bfp8,Bfp8,LoFi,2,4,4,4,1,2,4,3,9,47,21076
385,Bfp2,Bfp8,Bfp8,LoFi,3,4,4,2,1,7,4,6,15,71,32718
386,Bfp2,Bfp8,Bfp8,LoFi,2,4,4,2,1,7,4,5,13,63,28165
387,Bfp2,Bfp8,Bfp8,LoFi,2,4,4,4,1,7,4,5,13,63,30837
388,Bfp2,Bfp8,Bfp8,LoFi,2,4,4,4,1,7,4,5,13,143,48394
389,Bfp2,Bfp8,Bfp8,LoFi,2,4,4,4,1,7,4,3,9,103,31483
390,Bfp2,Bfp8,Bfp8,LoFi,3,4,4,2,1,7,4,4,11,55,24481
391,Bfp2,Bfp8,Bfp8,LoFi,2,4,4,2,1,7,4,3,9,47,18766
392,Bfp2,Bfp8,Bfp8,LoFi,2,4,4,4,1,7,4,3,9,47,21004
393,Bfp2,Bfp8,Bfp8,LoFi,2,4,1,4,2,2,4,3,9,103,9474
394,Bfp2,Bfp8,Bfp8,LoFi,2,4,1,4,2,2,4,3,9,47,7296
395,Bfp2,Bfp8,Bfp8,LoFi,1,4,1,4,2,2,4,2,7,83,7731
396,Bfp2,Bfp8,Bfp8,LoFi,1,4,1,4,2,2,4,2,7,39,5060
397,Bfp2,Bfp8,Bfp8,LoFi,1,4,1,4,2,7,4,4,11,123,13209
398,Bfp2,Bfp8,Bfp8,LoFi,1,4,1,4,2,7,4,2,7,83,7609
399,Bfp2,Bfp8,Bfp8,LoFi,1,4,1,4,2,7,4,4,11,55,9166
400,Bfp2,Bfp8,Bfp8,LoFi,1,4,1,4,2,7,4,2,7,39,4955
401,Bfp2,Bfp8,Bfp8,LoFi,1,4,1,4,1,7,4,2,7,83,7091
402,Bfp2,Bfp8,Bfp8,LoFi,1,4,1,4,1,7,4,2,7,39,4490
403,Bfp2,Bfp8,Bfp8,LoFi,1,4,1,4,1,7,4,4,11,123,12039
404,Bfp2,Bfp8,Bfp8,LoFi,1,4,1,4,1,7,4,4,11,55,8078
405,Bfp2,Bfp8,Bfp8,LoFi,2,4,1,4,2,7,4,5,13,143,14658
406,Bfp2,Bfp8,Bfp8,LoFi,2,4,1,4,2,7,4,3,9,103,9410
407,Bfp2,Bfp8,Bfp8,LoFi,2,4,1,4,1,7,4,5,13,143,13726
408,Bfp2,Bfp8,Bfp8,LoFi,2,4,1,4,1,7,4,3,9,103,8860
409,Bfp2,Bfp8,Bfp8,LoFi,2,4,1,4,2,7,4,3,9,47,7278
410,Bfp2,Bfp8,Bfp8,LoFi,2,4,1,4,2,7,4,5,13,63,10294
411,Bfp2,Bfp8,Bfp8,LoFi,2,4,1,4,1,7,4,3,9,47,5986
412,Bfp2,Bfp8,Bfp8,LoFi,2,4,1,4,1,7,4,5,13,63,8898
413,Bfp2,Bfp8,Bfp8,LoFi,1,4,1,4,1,16,4,2,7,39,4510
414,Bfp2,Bfp8,Bfp8,LoFi,1,4,1,4,1,2,4,2,7,39,4603
415,Bfp2,Bfp8,Bfp8,LoFi,1,4,1,4,1,16,4,4,11,55,8063
416,Bfp2,Bfp8,Bfp8,LoFi,1,4,1,4,1,16,4,4,11,123,12072
417,Bfp2,Bfp8,Bfp8,LoFi,1,4,1,4,1,2,4,2,7,83,7328
418,Bfp2,Bfp8,Bfp8,LoFi,1,4,1,4,1,16,4,2,7,83,7086
419,Bfp2,Bfp8,Bfp8,LoFi,2,4,1,4,1,16,4,3,9,47,5997
420,Bfp2,Bfp8,Bfp8,LoFi,2,4,1,4,1,2,4,3,9,47,5975
421,Bfp2,Bfp8,Bfp8,LoFi,2,4,1,4,1,2,4,3,9,103,8663
422,Bfp2,Bfp8,Bfp8,LoFi,2,4,1,4,1,16,4,3,9,103,8835
423,Bfp2,Bfp8,Bfp8,LoFi,3,4,1,2,2,16,4,4,11,55,7745
424,Bfp2,Bfp8,Bfp8,LoFi,3,4,1,2,2,2,4,4,11,55,8016
425,Bfp2,Bfp8,Bfp8,LoFi,1,4,1,2,2,2,4,2,7,39,4624
426,Bfp2,Bfp8,Bfp8,LoFi,1,4,1,2,2,16,4,2,7,39,4542
427,Bfp2,Bfp8,Bfp8,LoFi,1,4,1,2,2,16,4,4,11,55,8164
428,Bfp2,Bfp8,Bfp8,LoFi,1,4,1,2,1,16,4,4,11,55,7402
429,Bfp2,Bfp8,Bfp8,LoFi,1,4,1,2,1,16,4,2,7,39,4181
430,Bfp2,Bfp8,Bfp8,LoFi,1,4,1,2,1,2,4,2,7,39,4316
431,Bfp2,Bfp8,Bfp8,LoFi,1,4,1,2,2,7,4,4,11,55,8168
432,Bfp2,Bfp8,Bfp8,LoFi,1,4,1,2,1,7,4,4,11,55,7391
433,Bfp2,Bfp8,Bfp8,LoFi,1,4,1,2,2,7,4,2,7,39,4550
434,Bfp2,Bfp8,Bfp8,LoFi,1,4,1,2,1,7,4,2,7,39,4196
435,Bfp2,Bfp8,Bfp8,LoFi,2,4,1,2,2,16,4,5,13,63,8995
436,Bfp2,Bfp8,Bfp8,LoFi,2,4,1,2,2,2,4,3,9,47,6049
437,Bfp2,Bfp8,Bfp8,LoFi,2,4,1,2,2,16,4,3,9,47,6017
438,Bfp2,Bfp8,Bfp8,LoFi,2,4,1,2,1,16,4,5,13,63,8171
439,Bfp2,Bfp8,Bfp8,LoFi,3,4,1,2,1,16,4,4,11,55,6652
440,Bfp2,Bfp8,Bfp8,LoFi,2,4,1,2,1,16,4,3,9,47,5074
441,Bfp2,Bfp8,Bfp8,LoFi,2,4,1,2,2,7,4,5,13,63,8981
442,Bfp2,Bfp8,Bfp8,LoFi,2,4,1,2,2,7,4,3,9,47,6110
443,Bfp2,Bfp8,Bfp8,LoFi,3,4,1,2,2,7,4,4,11,55,7766
444,Bfp2,Bfp8,Bfp8,LoFi,3,4,1,2,1,2,4,4,11,55,6668
445,Bfp2,Bfp8,Bfp8,LoFi,2,4,1,2,1,2,4,3,9,47,5033
446,Bfp2,Bfp8,Bfp8,LoFi,2,4,1,2,1,7,4,5,13,63,8170
447,Bfp2,Bfp8,Bfp8,LoFi,2,4,1,2,1,7,4,3,9,47,5064
448,Bfp2,Bfp8,Bfp8,LoFi,3,4,1,2,1,7,4,4,11,55,6623
449,Bfp2,Bfp8,Bfp8,LoFi,1,4,4,4,2,16,2,4,11,55,33217
450,Bfp2,Bfp8,Bfp8,LoFi,1,4,4,4,2,2,2,2,7,39,17392
451,Bfp2,Bfp8,Bfp8,LoFi,1,4,4,4,2,16,2,2,7,39,17276
452,Bfp2,Bfp8,Bfp8,LoFi,1,4,4,4,1,16,2,4,11,55,28160
453,Bfp2,Bfp8,Bfp8,LoFi,1,4,4,4,1,16,2,2,7,39,15368
454,Bfp2,Bfp8,Bfp8,LoFi,1,4,4,4,1,2,2,2,7,39,15522
455,Bfp2,Bfp8,Bfp8,LoFi,2,4,4,4,1,16,2,5,13,63,30844
456,Bfp2,Bfp8,Bfp8,LoFi,2,4,4,4,1,16,2,3,9,47,21005
457,Bfp2,Bfp8,Bfp8,LoFi,2,4,4,4,2,16,2,3,9,47,25869
458,Bfp2,Bfp8,Bfp8,LoFi,2,4,4,4,1,2,2,3,9,47,21078
459,Bfp2,Bfp8,Bfp8,LoFi,2,4,4,4,2,2,2,3,9,47,25853
460,Bfp2,Bfp8,Bfp8,LoFi,2,4,1,4,1,2,2,3,9,47,5972
461,Bfp2,Bfp8,Bfp8,LoFi,1,4,1,4,1,2,2,2,7,39,4586
462,Bfp2,Bfp8,Bfp8,LoFi,2,4,1,4,2,2,2,3,9,47,7314
463,Bfp2,Bfp8,Bfp8,LoFi,1,4,1,4,2,2,2,2,7,39,5008
464,Bfp2,Bfp8,Bfp8,LoFi,2,4,1,4,1,16,2,3,9,47,5921
465,Bfp2,Bfp8,Bfp8,LoFi,1,4,1,4,1,16,2,2,7,39,4516
466,Bfp2,Bfp8,Bfp8,LoFi,1,4,1,4,1,7,2,2,7,39,4505
467,Bfp2,Bfp8,Bfp8,LoFi,2,4,1,4,1,7,2,3,9,47,5979
468,Bfp2,Bfp8,Bfp8,LoFi,1,4,1,4,1,16,2,4,11,55,8068
469,Bfp2,Bfp8,Bfp8,LoFi,1,4,1,4,1,7,2,4,11,55,8061
470,Bfp2,Bfp8,Bfp8,LoFi,1,4,1,4,2,7,2,4,11,55,9148
471,Bfp2,Bfp8,Bfp8,LoFi,1,4,1,4,2,7,2,2,7,39,4950
472,Bfp2,Bfp8,Bfp8,LoFi,2,4,1,4,2,7,2,3,9,47,7274
473,Bfp2,Bfp8,Bfp8,LoFi,2,4,4,4,2,7,2,5,13,63,37013
474,Bfp2,Bfp8,Bfp8,LoFi,1,4,4,4,2,7,2,4,11,55,33189
475,Bfp2,Bfp8,Bfp8,LoFi,1,4,4,4,2,7,2,2,7,39,17318
476,Bfp2,Bfp8,Bfp8,LoFi,1,4,4,4,1,7,2,4,11,55,28106
477,Bfp2,Bfp8,Bfp8,LoFi,1,4,4,4,1,7,2,2,7,39,15382
478,Bfp2,Bfp8,Bfp8,LoFi,2,4,4,4,2,7,2,3,9,47,25899
479,Bfp2,Bfp8,Bfp8,LoFi,2,4,4,4,1,7,2,3,9,47,20998
480,Bfp2,Bfp8,Bfp8,LoFi,2,4,4,4,1,7,2,5,13,63,30841
481,Bfp2,Float16,Float16,HiFi2,2,4,1,2,2,16,4,5,13,63,9769
482,Bfp2,Float16,Float16,HiFi2,3,4,1,2,1,16,4,6,15,71,9781
483,Bfp2,Float16,Float16,HiFi2,2,4,1,2,1,16,4,5,13,63,8277
484,Bfp2,Float16,Float16,HiFi2,3,4,1,2,1,2,4,4,11,55,6911
485,Bfp2,Float16,Float16,HiFi2,3,4,1,2,1,16,4,4,11,55,6861
486,Bfp2,Float16,Float16,HiFi2,2,4,1,2,1,2,4,3,9,47,5217
487,Bfp2,Float16,Float16,HiFi2,2,4,1,2,1,16,4,3,9,47,5231
488,Bfp2,Float16,Float16,HiFi2,2,4,1,4,1,16,4,3,9,47,6096
489,Bfp2,Float16,Float16,HiFi2,2,4,1,4,1,2,4,3,9,47,6099
490,Bfp2,Float16,Float16,HiFi2,2,4,1,4,1,16,4,5,13,63,8984
491,Bfp2,Float16,Float16,HiFi2,2,4,1,4,1,16,4,5,13,143,13735
492,Bfp2,Float16,Float16,HiFi2,2,4,1,4,1,16,4,3,9,103,8886
493,Bfp2,Float16,Float16,HiFi2,2,4,1,4,1,2,4,3,9,103,8907
494,Bfp2,Float16,Float16,HiFi2,2,4,1,4,1,7,4,5,13,143,13728
495,Bfp2,Float16,Float16,HiFi2,2,4,1,4,1,7,4,5,13,63,9038
496,Bfp2,Float16,Float16,HiFi2,2,4,1,4,1,7,4,3,9,103,8907
497,Bfp2,Float16,Float16,HiFi2,2,4,1,4,1,7,4,3,9,47,6057
498,Bfp2,Float16,Float16,HiFi2,2,4,1,2,1,7,4,5,13,63,8281
499,Bfp2,Float16,Float16,HiFi2,2,4,1,2,1,7,4,3,9,47,5240
500,Bfp2,Float16,Float16,HiFi2,2,4,1,4,1,16,2,5,13,63,9041
501,Bfp2,Float16,Float16,HiFi2,2,4,1,4,1,2,2,3,9,47,6077
502,Bfp2,Float16,Float16,HiFi2,2,4,1,4,1,16,2,3,9,47,6124
503,Bfp2,Float16,Float16,HiFi2,2,4,1,4,1,7,2,5,13,63,9014
504,Bfp2,Float16,Float16,HiFi2,2,4,1,4,1,7,2,3,9,47,6100
505,Bfp2,Float16,Float16,HiFi2,1,4,1,2,1,16,4,4,11,55,7526
506,Bfp2,Float16,Float16,HiFi2,1,4,1,2,1,2,4,2,7,39,4326
507,Bfp2,Float16,Float16,HiFi2,1,4,1,2,1,16,4,2,7,39,4312
508,Bfp2,Float16,Float16,HiFi2,1,4,1,4,1,16,4,4,11,123,12111
509,Bfp2,Float16,Float16,HiFi2,1,4,1,4,1,16,4,2,7,83,7179
510,Bfp2,Float16,Float16,HiFi2,1,4,1,4,1,2,4,2,7,83,7248
511,Bfp2,Float16,Float16,HiFi2,1,4,1,4,1,2,4,2,7,39,4592
512,Bfp2,Float16,Float16,HiFi2,1,4,1,4,1,16,4,4,11,55,8121
513,Bfp2,Float16,Float16,HiFi2,1,4,1,4,1,16,4,2,7,39,4587
514,Bfp2,Float16,Float16,HiFi2,1,4,1,4,1,16,2,4,11,55,8082
515,Bfp2,Float16,Float16,HiFi2,1,4,1,4,1,16,2,2,7,39,4518
516,Bfp2,Float16,Float16,HiFi2,1,4,1,4,1,7,2,4,11,55,8053
517,Bfp2,Float16,Float16,HiFi2,1,4,1,4,1,7,2,2,7,39,4552
518,Bfp2,Float16,Float16,HiFi2,1,4,1,4,1,7,4,4,11,123,12096
519,Bfp2,Float16,Float16,HiFi2,1,4,1,4,1,7,4,2,7,83,7163
520,Bfp2,Float16,Float16,HiFi2,1,4,1,4,1,7,4,4,11,55,8130
521,Bfp2,Float16,Float16,HiFi2,1,4,1,4,1,7,4,2,7,39,4567
522,Bfp2,Float16,Float16,HiFi2,3,4,1,2,1,7,4,4,11,55,6886
523,Bfp2,Float16,Float16,HiFi2,1,4,1,2,1,7,4,2,7,39,4319
524,Bfp2,Float16,Float16,HiFi2,1,4,1,2,1,7,4,4,11,55,7494
525,Bfp2,Float16,Float16,HiFi2,2,4,1,4,2,2,2,3,9,47,8197
526,Bfp2,Float16,Float16,HiFi2,2,4,1,4,2,16,2,3,9,47,8206
527,Bfp2,Float16,Float16,HiFi2,1,4,1,4,2,16,2,4,11,55,10361
528,Bfp2,Float16,Float16,HiFi2,1,4,1,4,2,16,2,2,7,39,5761
529,Bfp2,Float16,Float16,HiFi2,1,4,1,4,2,2,2,2,7,39,5693
530,Bfp2,Float16,Float16,HiFi2,1,4,1,4,2,16,4,4,11,123,15490
531,Bfp2,Float16,Float16,HiFi2,1,4,1,4,2,16,4,2,7,83,9200
532,Bfp2,Float16,Float16,HiFi2,1,4,1,4,2,2,4,2,7,83,9075
533,Bfp2,Float16,Float16,HiFi2,1,4,1,4,2,16,4,2,7,39,5861
534,Bfp2,Float16,Float16,HiFi2,1,4,1,4,2,2,4,2,7,39,5721
535,Bfp2,Float16,Float16,HiFi2,1,4,1,4,2,16,4,4,11,55,10569
536,Bfp2,Float16,Float16,HiFi2,2,4,1,4,2,2,4,3,9,103,12108
537,Bfp2,Float16,Float16,HiFi2,2,4,1,4,2,16,4,3,9,103,12236
538,Bfp2,Float16,Float16,HiFi2,2,4,1,4,2,16,4,3,9,47,8212
539,Bfp2,Float16,Float16,HiFi2,2,4,1,4,2,2,4,3,9,47,8177
540,Bfp2,Float16,Float16,HiFi2,2,4,1,4,2,7,4,5,13,143,17563
541,Bfp2,Float16,Float16,HiFi2,2,4,1,4,2,7,4,5,13,63,12087
542,Bfp2,Float16,Float16,HiFi2,2,4,1,4,2,7,4,3,9,103,12255
543,Bfp2,Float16,Float16,HiFi2,2,4,1,4,2,7,4,3,9,47,8260
544,Bfp2,Float16,Float16,HiFi2,1,4,1,4,2,7,4,4,11,123,15688
545,Bfp2,Float16,Float16,HiFi2,1,4,1,4,2,7,4,2,7,83,9223
546,Bfp2,Float16,Float16,HiFi2,1,4,1,4,2,7,4,4,11,55,10475
547,Bfp2,Float16,Float16,HiFi2,1,4,1,4,2,7,4,2,7,39,5793
548,Bfp2,Float16,Float16,HiFi2,2,4,1,4,2,7,2,5,13,63,11834
549,Bfp2,Float16,Float16,HiFi2,2,4,1,4,2,7,2,3,9,47,8179
550,Bfp2,Float16,Float16,HiFi2,1,4,1,4,2,7,2,4,11,55,10419
551,Bfp2,Float16,Float16,HiFi2,1,4,1,4,2,7,2,2,7,39,5720
552,Bfp2,Float16,Float16,HiFi2,2,4,1,2,2,2,4,3,9,47,6528
553,Bfp2,Float16,Float16,HiFi2,2,4,1,2,2,16,4,3,9,47,6643
554,Bfp2,Float16,Float16,HiFi2,3,4,1,2,2,16,4,4,11,55,8122
555,Bfp2,Float16,Float16,HiFi2,3,4,1,2,2,2,4,4,11,55,8386
556,Bfp2,Float16,Float16,HiFi2,1,4,1,2,2,2,4,2,7,39,4948
557,Bfp2,Float16,Float16,HiFi2,1,4,1,2,2,16,4,2,7,39,4979
558,Bfp2,Float16,Float16,HiFi2,1,4,1,2,2,16,4,4,11,55,8684
559,Bfp2,Float16,Float16,HiFi2,2,4,1,2,2,7,4,5,13,63,9830
560,Bfp2,Float16,Float16,HiFi2,3,4,1,2,2,7,4,4,11,55,8150
561,Bfp2,Float16,Float16,HiFi2,2,4,1,2,2,7,4,3,9,47,6628
562,Bfp2,Float16,Float16,HiFi2,1,4,1,2,2,7,4,2,7,39,4982
563,Bfp2,Float16,Float16,HiFi2,1,4,1,2,2,7,4,4,11,55,8683
564,Bfp2,Float16,Float16,HiFi2,2,4,4,4,1,16,2,5,13,63,31274
565,Bfp2,Float16,Float16,HiFi2,2,4,4,4,1,16,2,3,9,47,21070
566,Bfp2,Float16,Float16,HiFi2,2,4,4,4,1,2,2,3,9,47,21044
567,Bfp2,Float16,Float16,HiFi2,3,4,4,2,1,2,4,4,11,55,25764
568,Bfp2,Float16,Float16,HiFi2,2,4,4,2,1,2,4,3,9,47,19142
569,Bfp2,Float16,Float16,HiFi2,2,4,4,4,1,2,4,3,9,103,32407
570,Bfp2,Float16,Float16,HiFi2,2,4,4,4,1,2,4,3,9,47,21226
571,Bfp2,Float16,Float16,HiFi2,2,4,4,2,2,2,4,3,9,47,24638
572,Bfp2,Float16,Float16,HiFi2,3,4,4,2,2,2,4,4,11,55,31236
573,Bfp2,Float16,Float16,HiFi2,3,4,4,2,1,7,4,6,15,71,33579
574,Bfp2,Float16,Float16,HiFi2,3,4,4,2,1,7,4,4,11,55,24952
578,Bfp2,Float16,Float16,HiFi2,2,4,4,2,1,7,4,3,9,47,19148
579,Bfp2,Float16,Float16,HiFi2,2,4,4,2,1,7,4,5,13,63,28805
580,Bfp2,Float16,Float16,HiFi2,2,4,4,4,1,7,4,3,9,47,21091
581,Bfp2,Float16,Float16,HiFi2,2,4,4,4,1,7,4,5,13,63,31262
582,Bfp2,Float16,Float16,HiFi2,2,4,4,4,1,7,4,3,9,103,32382
583,Bfp2,Float16,Float16,HiFi2,2,4,4,4,1,7,4,5,13,143,49607
589,Bfp2,Float16,Float16,HiFi2,1,4,4,4,1,7,4,4,11,123,44961
590,Bfp2,Float16,Float16,HiFi2,1,4,4,4,1,7,4,2,7,83,26301
591,Bfp2,Float16,Float16,HiFi2,1,4,4,4,1,7,4,2,7,39,15741
592,Bfp2,Float16,Float16,HiFi2,1,4,4,4,1,7,4,4,11,55,28716
594,Bfp2,Float16,Float16,HiFi2,1,4,4,2,1,7,4,4,11,55,26223
595,Bfp2,Float16,Float16,HiFi2,1,4,4,2,1,7,4,2,7,39,14889
596,Bfp2,Float16,Float16,HiFi2,1,4,4,4,2,2,4,2,7,83,35387
597,Bfp2,Float16,Float16,HiFi2,1,4,4,4,1,2,4,2,7,83,26592
598,Bfp2,Float16,Float16,HiFi2,1,4,4,2,2,2,4,2,7,39,18479
599,Bfp2,Float16,Float16,HiFi2,1,4,4,2,1,2,4,2,7,39,15168
600,Bfp2,Float16,Float16,HiFi2,1,4,4,4,2,2,4,2,7,39,21752
601,Bfp2,Float16,Float16,HiFi2,1,4,4,4,1,2,4,2,7,39,16052
602,Bfp2,Float16,Float16,HiFi2,2,4,4,4,1,7,2,3,9,47,21056
603,Bfp2,Float16,Float16,HiFi2,2,4,4,4,1,7,2,5,13,63,31356
604,Bfp2,Float16,Float16,HiFi2,1,4,4,4,2,7,2,2,7,39,21437
605,Bfp2,Float16,Float16,HiFi2,1,4,4,4,2,7,2,4,11,55,38715
606,Bfp2,Float16,Float16,HiFi2,1,4,4,4,1,7,2,4,11,55,28704
607,Bfp2,Bfp8,Bfp8,LoFi,2,7,1,2,2,16,4,5,27,119,16169
608,Bfp2,Bfp8,Bfp8,LoFi,2,7,1,2,2,16,4,3,19,87,10102
609,Bfp2,Bfp8,Bfp8,LoFi,2,7,1,2,2,2,4,3,19,87,10202
610,Bfp2,Bfp8,Bfp8,LoFi,3,7,1,2,2,16,4,4,23,103,13312
611,Bfp2,Bfp8,Bfp8,LoFi,3,7,1,2,2,2,4,4,23,103,13641
612,Bfp2,Bfp8,Bfp8,LoFi,2,7,1,4,2,16,4,5,27,283,27354
613,Bfp2,Bfp8,Bfp8,LoFi,2,7,1,4,2,16,4,5,27,119,19164
614,Bfp2,Bfp8,Bfp8,LoFi,2,7,1,4,2,16,4,3,19,203,16843
615,Bfp2,Bfp8,Bfp8,LoFi,2,7,1,4,2,2,4,3,19,203,17786
616,Bfp2,Bfp8,Bfp8,LoFi,2,7,1,4,2,2,4,3,19,87,12483
617,Bfp2,Bfp8,Bfp8,LoFi,2,7,1,4,2,16,4,3,19,87,12391
618,Bfp2,Bfp8,Bfp8,LoFi,2,7,1,4,2,16,4,5,13,143,18290
619,Bfp2,Bfp8,Bfp8,LoFi,2,7,1,4,2,16,4,5,13,63,14656
620,Bfp2,Float16,Float16,HiFi2,2,7,1,4,2,16,4,5,27,283,33781
621,Bfp2,Float16,Float16,HiFi2,2,7,1,4,2,2,4,3,19,203,21878
622,Bfp2,Float16,Float16,HiFi2,2,7,1,4,2,2,4,3,9,103,15872
623,Bfp2,Float16,Float16,HiFi2,2,7,1,4,2,2,4,3,19,87,13323
624,Bfp2,Float16,Float16,HiFi2,2,7,1,4,2,2,4,3,9,47,11984
625,Bfp2,Float16,Float16,HiFi2,2,7,1,4,2,16,4,3,19,87,13758
626,Bfp2,Float16,Float16,HiFi2,2,7,1,4,2,16,4,3,19,203,22014
627,Bfp2,Float16,Float16,HiFi2,2,7,1,4,2,16,4,3,9,47,12041
628,Bfp2,Float16,Float16,HiFi2,2,7,1,4,2,16,4,3,9,103,15879
629,Bfp2,Float16,Float16,HiFi2,2,7,1,4,2,16,4,5,27,119,21947
630,Bfp2,Float16,Float16,HiFi2,2,7,1,4,2,7,4,5,27,119,21980
631,Bfp2,Float16,Float16,HiFi2,2,7,1,4,2,7,4,3,19,87,13828
632,Bfp2,Float16,Float16,HiFi2,2,7,1,4,2,7,4,3,9,47,11891
633,Bfp2,Float16,Float16,HiFi2,2,7,1,4,2,7,4,5,13,63,16345
634,Bfp2,Float16,Float16,HiFi2,2,7,1,4,2,7,4,3,19,203,22025
635,Bfp2,Float16,Float16,HiFi2,2,7,1,4,2,7,4,3,9,103,15752
636,Bfp2,Bfp8,Bfp8,LoFi,2,7,1,4,2,2,4,3,9,103,13178
637,Bfp2,Bfp8,Bfp8,LoFi,2,7,1,4,2,16,4,3,9,103,12834
638,Bfp2,Bfp8,Bfp8,LoFi,2,7,1,4,2,16,4,3,9,47,11055
639,Bfp2,Bfp8,Bfp8,LoFi,2,7,1,4,2,2,4,3,9,47,11085
640,Bfp2,Bfp8,Bfp8,LoFi,2,7,1,4,2,7,4,5,27,283,27440
641,Bfp2,Bfp8,Bfp8,LoFi,2,7,1,4,2,7,4,5,13,143,18294
642,Bfp2,Bfp8,Bfp8,LoFi,2,7,1,4,2,7,4,5,27,119,19141
643,Bfp2,Bfp8,Bfp8,LoFi,2,7,1,4,2,7,4,5,13,63,14662
644,Bfp2,Bfp8,Bfp8,LoFi,2,7,1,4,2,7,4,3,19,203,16841
645,Bfp2,Bfp8,Bfp8,LoFi,2,7,1,4,2,7,4,3,19,87,12430
646,Bfp2,Bfp8,Bfp8,LoFi,2,7,1,4,2,7,4,3,9,103,12831
647,Bfp2,Bfp8,Bfp8,LoFi,2,7,1,4,2,7,4,3,9,47,11004
648,Bfp2,Bfp8,Bfp8,LoFi,1,7,4,4,2,2,4,2,7,83,34492
649,Bfp2,Bfp8,Bfp8,LoFi,1,7,4,4,2,2,4,2,7,39,24372
650,Bfp2,Bfp8,Bfp8,LoFi,1,7,4,4,2,7,4,4,23,243,92694
651,Bfp2,Bfp8,Bfp8,LoFi,1,7,4,4,2,7,4,2,7,83,34457
652,Bfp2,Bfp8,Bfp8,LoFi,1,7,4,4,2,7,4,2,7,39,24123
653,Bfp2,Bfp8,Bfp8,LoFi,1,7,4,4,2,7,4,4,11,123,58622
654,Bfp2,Bfp8,Bfp8,LoFi,1,7,4,4,2,7,4,4,11,55,43233
655,Bfp2,Bfp8,Bfp8,LoFi,1,7,4,4,2,7,4,4,23,103,65344
656,Bfp2,Float16,Float16,HiFi2,1,7,1,4,2,7,4,2,7,39,7763
657,Bfp2,Float16,Float16,HiFi2,1,7,1,4,2,7,4,2,7,83,11195
658,Bfp2,Float16,Float16,HiFi2,1,7,1,4,2,7,4,4,11,55,13105
659,Bfp2,Float16,Float16,HiFi2,1,7,1,4,2,7,4,4,23,103,18819
660,Bfp2,Float16,Float16,HiFi2,1,7,1,4,2,7,4,4,11,123,18090
661,Bfp2,Bfp8,Bfp8,LoFi,1,7,1,4,2,7,4,4,11,123,15984
662,Bfp2,Bfp8,Bfp8,LoFi,1,7,1,4,2,7,4,4,23,243,25365
663,Bfp2,Bfp8,Bfp8,LoFi,1,7,1,4,2,7,4,4,11,55,11865
664,Bfp2,Bfp8,Bfp8,LoFi,1,7,1,4,2,7,4,4,23,103,16958
665,Bfp2,Bfp8,Bfp8,LoFi,1,7,1,4,2,7,4,2,7,39,6649
666,Bfp2,Bfp8,Bfp8,LoFi,1,7,1,4,2,7,4,2,7,83,9385
667,Bfp2,Float16,Float16,HiFi2,1,7,1,4,2,16,4,2,7,39,7808
668,Bfp2,Float16,Float16,HiFi2,1,7,1,4,2,2,4,2,7,39,7872
669,Bfp2,Float16,Float16,HiFi2,1,7,1,4,2,2,4,2,7,83,11191
670,Bfp2,Float16,Float16,HiFi2,1,7,1,4,2,16,4,2,7,83,11178
671,Bfp2,Float16,Float16,HiFi2,1,7,1,4,2,16,4,4,23,103,18710
672,Bfp2,Float16,Float16,HiFi2,1,7,1,4,2,16,4,4,23,243,29157
673,Bfp2,Float16,Float16,HiFi2,1,7,1,4,2,16,4,4,11,55,13147
674,Bfp2,Float16,Float16,HiFi2,1,7,1,4,2,16,4,4,11,123,18033
675,Bfp2,Bfp8,Bfp8,LoFi,1,7,1,4,2,2,4,2,7,39,6688
676,Bfp2,Bfp8,Bfp8,LoFi,1,7,1,4,2,16,4,2,7,39,6638
677,Bfp2,Bfp8,Bfp8,LoFi,1,7,1,4,2,16,4,2,7,83,9370
678,Bfp2,Bfp8,Bfp8,LoFi,1,7,1,4,2,2,4,2,7,83,9322
679,Bfp2,Bfp8,Bfp8,LoFi,1,7,1,4,2,16,4,4,11,55,11924
680,Bfp2,Bfp8,Bfp8,LoFi,1,7,1,4,2,16,4,4,23,103,16859
681,Bfp2,Bfp8,Bfp8,LoFi,1,7,1,4,2,16,4,4,23,243,25404
682,Bfp2,Bfp8,Bfp8,LoFi,1,7,1,4,2,16,4,4,11,123,16023
683,Bfp2,Bfp8,Bfp8,LoFi,2,7,4,2,2,2,4,3,19,87,36801
684,Bfp2,Bfp8,Bfp8,LoFi,3,7,4,2,2,2,4,4,23,103,49975
685,Bfp2,Bfp8,Bfp8,LoFi,2,7,4,2,2,2,4,3,9,47,33084
686,Bfp2,Bfp8,Bfp8,LoFi,3,7,4,2,2,2,4,4,11,55,45779
687,Bfp2,Bfp8,Bfp8,LoFi,2,7,4,2,2,7,4,3,9,47,33173
688,Bfp2,Bfp8,Bfp8,LoFi,2,7,4,2,2,7,4,5,13,63,45760
689,Bfp2,Bfp8,Bfp8,LoFi,3,7,4,2,2,7,4,4,11,55,44684
690,Bfp2,Bfp8,Bfp8,LoFi,2,7,4,2,2,7,4,3,19,87,36927
691,Bfp2,Bfp8,Bfp8,LoFi,2,7,4,2,2,7,4,5,27,119,59253
692,Bfp2,Bfp8,Bfp8,LoFi,3,7,4,2,2,7,4,4,23,103,48509
693,Bfp2,Bfp8,Bfp8,LoFi,1,7,4,2,2,7,4,4,23,103,51968
694,Bfp2,Bfp8,Bfp8,LoFi,1,7,4,2,2,7,4,2,7,39,21581
695,Bfp2,Bfp8,Bfp8,LoFi,1,7,4,2,2,7,4,4,11,55,37462
696,Bfp2,Bfp8,Bfp8,LoFi,1,7,1,2,2,7,4,2,7,39,5844
697,Bfp2,Bfp8,Bfp8,LoFi,1,7,1,2,2,7,4,4,11,55,10334
698,Bfp2,Bfp8,Bfp8,LoFi,1,7,1,2,2,7,4,4,23,103,14687
699,Bfp2,Bfp8,Bfp8,LoFi,2,7,1,2,2,7,4,3,9,47,9068
700,Bfp2,Bfp8,Bfp8,LoFi,2,7,1,2,2,7,4,3,19,87,10093
701,Bfp2,Bfp8,Bfp8,LoFi,3,7,1,2,2,7,4,6,15,71,15369
702,Bfp2,Bfp8,Bfp8,LoFi,2,7,1,2,2,7,4,5,13,63,12330
703,Bfp2,Bfp8,Bfp8,LoFi,3,7,1,2,2,7,4,4,11,55,12062
704,Bfp2,Bfp8,Bfp8,LoFi,3,7,1,2,2,7,4,4,23,103,13381
705,Bfp2,Bfp8,Bfp8,LoFi,2,7,1,2,2,7,4,5,27,119,16169
706,Bfp2,Float16,Float16,HiFi2,2,7,4,4,1,16,2,3,19,87,36243
707,Bfp2,Float16,Float16,HiFi2,2,7,4,4,1,2,2,3,19,87,36373
708,Bfp2,Float16,Float16,HiFi2,1,7,4,4,1,16,2,2,7,39,21569
709,Bfp2,Float16,Float16,HiFi2,1,7,1,4,1,16,2,2,7,39,5817
710,Bfp2,Float16,Float16,HiFi2,1,7,1,4,1,2,2,2,7,39,5902
711,Bfp2,Float16,Float16,HiFi2,1,7,4,4,1,2,2,2,7,39,21714
712,Bfp2,Float16,Float16,HiFi2,2,7,4,4,1,16,2,3,9,47,32741
713,Bfp2,Float16,Float16,HiFi2,2,7,4,4,1,2,2,3,9,47,32753
714,Bfp2,Float16,Float16,HiFi2,2,7,1,4,1,16,2,3,9,47,9160
715,Bfp2,Float16,Float16,HiFi2,2,7,1,4,1,16,2,5,13,63,12512
716,Bfp2,Bfp8,Bfp8,LoFi,2,7,4,4,1,16,2,3,9,47,32902
717,Bfp2,Bfp8,Bfp8,LoFi,2,7,4,4,1,16,2,3,19,87,36402
718,Bfp2,Float16,Float16,HiFi2,3,7,1,2,1,16,4,6,15,71,13951
719,Bfp2,Float16,Float16,HiFi2,3,7,1,2,1,16,4,4,11,55,10727
720,Bfp2,Bfp8,Bfp8,LoFi,2,7,4,4,1,2,2,3,9,47,32949
721,Bfp2,Bfp8,Bfp8,LoFi,1,7,4,4,1,16,2,2,7,39,21636
722,Bfp2,Float16,Float16,HiFi2,3,7,1,2,2,16,4,6,31,135,20038
723,Bfp2,Float16,Float16,HiFi2,3,7,1,2,2,16,4,4,23,103,13934
724,Bfp2,Float16,Float16,HiFi2,2,7,1,2,2,2,4,3,19,87,10686
725,Bfp2,Float16,Float16,HiFi2,2,7,1,2,2,16,4,3,19,87,10792
726,Bfp2,Bfp8,Bfp8,LoFi,1,7,4,4,1,16,2,4,23,103,52171
727,Bfp2,Float16,Float16,HiFi2,3,7,1,2,2,2,4,4,23,103,14159
728,Bfp2,Float16,Float16,HiFi2,1,7,1,2,2,16,4,4,23,103,15440
729,Bfp2,Bfp8,Bfp8,LoFi,1,7,4,4,1,2,2,2,7,39,21998
730,Bfp2,Bfp8,Bfp8,LoFi,1,7,4,4,1,16,2,4,11,55,37618
731,Bfp2,Bfp8,Bfp8,LoFi,2,7,4,2,1,16,4,5,13,63,41367
732,Bfp2,Bfp8,Bfp8,LoFi,2,7,1,4,2,7,2,3,9,47,10984
733,Bfp2,Bfp8,Bfp8,LoFi,2,7,1,4,2,7,2,3,19,87,12419
734,Bfp2,Float16,Float16,HiFi2,1,7,1,2,2,16,4,2,7,39,6494
735,Bfp2,Float16,Float16,HiFi2,2,7,1,2,2,16,4,3,9,47,9552
736,Bfp2,Bfp8,Bfp8,LoFi,2,7,4,4,1,2,2,3,19,87,36553
737,Bfp2,Float16,Float16,HiFi2,1,7,1,2,2,7,4,2,7,39,6428
738,Bfp2,Float16,Float16,HiFi2,1,7,1,2,2,2,4,2,7,39,6396
739,Bfp2,Bfp8,Bfp8,LoFi,2,7,4,4,1,7,2,3,9,47,32912
740,Bfp2,Bfp8,Bfp8,LoFi,2,7,4,4,1,7,2,3,19,87,36352
741,Bfp2,Float16,Float16,HiFi2,1,7,1,2,1,16,4,2,7,39,5215
742,Bfp2,Bfp8,Bfp8,LoFi,1,7,4,4,1,7,2,2,7,39,21685
743,Bfp2,Bfp8,Bfp8,LoFi,1,7,4,4,2,7,2,2,7,39,24185
744,Bfp2,Bfp8,Bfp8,LoFi,1,7,4,4,2,16,2,2,7,39,24189
745,Bfp2,Float16,Float16,HiFi2,2,7,1,4,1,16,2,3,19,87,10201
746,Bfp2,Float16,Float16,HiFi2,2,7,1,4,1,2,2,3,9,47,9178
747,Bfp2,Bfp8,Bfp8,LoFi,1,7,4,2,2,2,4,2,7,39,21723
748,Bfp2,Bfp8,Bfp8,LoFi,3,7,4,2,1,2,4,4,11,55,40394
749,Bfp2,Bfp8,Bfp8,LoFi,3,7,4,2,1,2,4,4,23,103,44930
750,Bfp2,Float16,Float16,HiFi2,2,7,1,4,1,7,2,3,19,87,10175
751,Bfp2,Float16,Float16,HiFi2,2,7,1,4,1,7,2,3,9,47,9128
752,Bfp2,Bfp8,Bfp8,LoFi,2,7,4,2,1,7,4,3,19,87,33285
753,Bfp2,Float16,Float16,HiFi2,2,7,1,2,1,7,4,3,19,87,8704
754,Bfp2,Float16,Float16,HiFi2,2,7,1,2,1,7,4,3,9,47,7900
755,Bfp2,Float16,Float16,HiFi2,2,7,1,4,1,2,2,3,19,87,10205
756,Bfp2,Float16,Float16,HiFi2,1,7,1,2,1,7,4,2,7,39,5220
757,Bfp2,Float16,Float16,HiFi2,1,7,1,4,2,7,2,2,7,39,7836
758,Bfp2,Float16,Float16,HiFi2,1,7,1,4,1,7,2,2,7,39,5822
759,Bfp2,Float16,Float16,HiFi2,1,7,1,4,2,16,2,4,11,55,12926
760,Bfp2,Bfp8,Bfp8,LoFi,2,7,4,4,1,7,2,5,13,63,45258
761,Bfp2,Float16,Float16,HiFi2,1,7,4,2,2,2,4,2,7,39,25077
762,Bfp2,Bfp8,Bfp8,LoFi,1,7,1,2,2,2,4,2,7,39,5819
763,Bfp2,Float16,Float16,HiFi2,1,7,1,4,2,2,2,2,7,39,7821
764,Bfp2,Bfp8,Bfp8,LoFi,1,7,1,4,2,16,2,2,7,39,6684
765,Bfp2,Float16,Float16,HiFi2,1,7,4,4,1,7,2,2,7,39,21536
766,Bfp2,Bfp8,Bfp8,LoFi,1,7,1,4,2,7,2,2,7,39,6624
767,Bfp2,Float16,Float16,HiFi2,3,7,1,2,1,16,4,6,31,135,16449
768,Bfp2,Float16,Float16,HiFi2,2,7,4,4,1,7,2,3,19,87,36231
769,Bfp2,Bfp8,Bfp8,LoFi,1,7,1,4,1,16,2,2,7,39,5671
770,Bfp2,Bfp8,Bfp8,LoFi,1,7,1,4,1,7,2,2,7,39,5663
771,Bfp2,Float16,Float16,HiFi2,3,7,1,2,2,16,4,6,15,71,16247
772,Bfp2,Float16,Float16,HiFi2,3,7,1,2,2,16,4,4,11,55,12431
773,Bfp2,Float16,Float16,HiFi2,1,7,4,4,1,16,2,4,11,55,37351
774,Bfp2,Bfp8,Bfp8,LoFi,1,7,4,4,2,16,2,4,23,103,60901
775,Bfp2,Float16,Float16,HiFi2,1,7,1,4,2,7,2,4,23,103,18696
776,Bfp2,Bfp8,Bfp8,LoFi,2,7,4,2,1,16,4,3,19,87,33265
777,Bfp2,Bfp8,Bfp8,LoFi,2,7,4,2,1,16,4,3,9,47,29299
778,Bfp2,Float16,Float16,HiFi2,2,7,1,2,2,7,4,3,19,87,10802
779,Bfp2,Float16,Float16,HiFi2,2,7,1,2,2,7,4,3,9,47,9581
780,Bfp2,Bfp8,Bfp8,LoFi,1,7,1,4,2,2,2,2,7,39,6662
781,Bfp2,Float16,Float16,HiFi2,2,7,1,4,2,2,2,3,9,47,11977
782,Bfp2,Bfp8,Bfp8,LoFi,1,7,1,4,1,2,2,2,7,39,5711
783,Bfp2,Bfp8,Bfp8,LoFi,2,7,1,4,2,16,2,3,9,47,10983
784,Bfp2,Bfp8,Bfp8,LoFi,2,7,1,4,2,16,2,3,19,87,12399
785,Bfp2,Float16,Float16,HiFi2,2,7,1,4,2,2,2,3,19,87,13187
786,Bfp2,Bfp8,Bfp8,LoFi,1,7,4,2,1,16,4,2,7,39,19822
787,Bfp2,Bfp8,Bfp8,LoFi,1,7,1,2,1,16,4,2,7,39,5307
788,Bfp2,Bfp8,Bfp8,LoFi,1,7,4,2,1,7,4,2,7,39,19795
789,Bfp2,Bfp8,Bfp8,LoFi,1,7,4,4,1,16,4,2,7,83,32105
790,Bfp2,Float16,Float16,HiFi2,1,7,1,4,1,16,4,2,7,83,8549
791,Bfp2,Float16,Float16,HiFi2,1,7,1,4,1,16,4,2,7,39,5880
792,Bfp2,Float16,Float16,HiFi2,1,7,1,4,1,7,4,2,7,83,8559
793,Bfp2,Bfp8,Bfp8,LoFi,1,7,4,4,2,16,2,4,11,55,43154
794,Bfp2,Bfp8,Bfp8,LoFi,1,7,4,2,1,2,4,2,7,39,20094
795,Bfp2,Bfp8,Bfp8,LoFi,1,7,4,4,1,7,4,2,7,83,32115
796,Bfp2,Float16,Float16,HiFi2,2,7,1,4,2,7,2,3,19,87,13682
797,Bfp2,Float16,Float16,HiFi2,2,7,1,4,2,7,2,3,9,47,11741
799,Bfp2,Bfp8,Bfp8,LoFi,1,7,1,2,1,2,4,2,7,39,5231
800,Bfp2,Bfp8,Bfp8,LoFi,1,7,1,2,1,7,4,2,7,39,5287
801,Bfp2,Float16,Float16,HiFi2,1,7,4,2,1,7,4,2,7,39,19666
802,Bfp2,Float16,Float16,HiFi2,1,7,4,2,1,2,4,2,7,39,19823
803,Bfp2,Bfp8,Bfp8,LoFi,2,7,1,4,2,2,2,3,19,87,12438
804,Bfp2,Float16,Float16,HiFi2,1,7,4,4,1,7,4,2,7,83,31682
805,Bfp2,Float16,Float16,HiFi2,2,7,4,4,1,7,2,3,9,47,32648
806,Bfp2,Bfp8,Bfp8,LoFi,1,7,1,4,1,16,4,2,7,83,8232
807,Bfp2,Bfp8,Bfp8,LoFi,1,7,1,4,1,7,4,2,7,83,8245
808,Bfp2,Bfp8,Bfp8,LoFi,1,7,1,4,1,16,4,2,7,39,5648
809,Bfp2,Bfp8,Bfp8,LoFi,1,7,1,4,1,7,4,2,7,39,5675
810,Bfp2,Bfp8,Bfp8,LoFi,1,7,1,4,1,2,4,2,7,83,8364
811,Bfp2,Bfp8,Bfp8,LoFi,1,7,1,4,1,2,4,2,7,39,5669
812,Bfp2,Bfp8,Bfp8,LoFi,1,7,1,4,1,16,4,4,23,243,22527
813,Bfp2,Bfp8,Bfp8,LoFi,1,7,1,4,1,16,4,4,11,123,14145
814,Bfp2,Bfp8,Bfp8,LoFi,1,7,1,4,1,16,4,4,23,103,14285
815,Bfp2,Bfp8,Bfp8,LoFi,1,7,1,4,1,16,4,4,11,55,10157
816,Bfp2,Bfp8,Bfp8,LoFi,1,7,1,4,1,7,4,4,23,243,22514
817,Bfp2,Bfp8,Bfp8,LoFi,1,7,1,4,1,7,4,4,23,103,14303
818,Bfp2,Bfp8,Bfp8,LoFi,1,7,1,4,1,7,4,4,11,123,14172
819,Bfp2,Bfp8,Bfp8,LoFi,1,7,1,4,1,7,4,4,11,55,10138
820,Bfp2,Bfp8,Bfp8,LoFi,1,7,1,2,1,7,4,4,23,103,13161
821,Bfp2,Bfp8,Bfp8,LoFi,1,7,1,2,1,7,4,4,11,55,9165
822,Bfp2,Bfp8,Bfp8,LoFi,1,7,1,2,1,16,4,4,11,55,9150
823,Bfp2,Bfp8,Bfp8,LoFi,1,7,1,2,1,16,4,4,23,103,13167
824,Bfp2,Bfp8,Bfp8,LoFi,1,7,4,4,1,2,4,2,7,83,32440
825,Bfp2,Bfp8,Bfp8,LoFi,1,7,4,4,1,2,4,2,7,39,22003
826,Bfp2,Bfp8,Bfp8,LoFi,1,7,4,4,1,7,4,2,7,39,21644
827,Bfp2,Bfp8,Bfp8,LoFi,1,7,4,4,1,16,4,2,7,39,21669
828,Bfp2,Bfp8,Bfp8,LoFi,1,7,4,4,1,16,4,4,23,243,85665
829,Bfp2,Bfp8,Bfp8,LoFi,1,7,4,4,1,16,4,4,11,123,53852
830,Bfp2,Bfp8,Bfp8,LoFi,1,7,4,4,1,16,4,4,23,103,52174
831,Bfp2,Bfp8,Bfp8,LoFi,1,7,4,4,1,16,4,4,11,55,37624
832,Bfp2,Bfp8,Bfp8,LoFi,1,7,4,4,1,7,4,4,11,123,53764
833,Bfp2,Bfp8,Bfp8,LoFi,1,7,4,4,1,7,4,4,23,243,85694
834,Bfp2,Bfp8,Bfp8,LoFi,1,7,4,4,1,7,4,4,23,103,52212
835,Bfp2,Bfp8,Bfp8,LoFi,1,7,4,4,1,7,4,4,11,55,37572
836,Bfp2,Bfp8,Bfp8,LoFi,1,7,4,2,1,7,4,4,11,55,34341
837,Bfp2,Bfp8,Bfp8,LoFi,1,7,4,2,1,7,4,4,23,103,47878
838,Bfp2,Bfp8,Bfp8,LoFi,1,7,4,2,1,16,4,4,11,55,34386
839,Bfp2,Bfp8,Bfp8,LoFi,1,7,4,2,1,16,4,4,23,103,47908
840,Bfp2,Bfp8,Bfp8,LoFi,2,7,1,2,1,2,4,3,19,87,8752
841,Bfp2,Bfp8,Bfp8,LoFi,2,7,1,2,1,2,4,3,9,47,7732
842,Bfp2,Bfp8,Bfp8,LoFi,2,7,1,2,1,7,4,3,9,47,7713
843,Bfp2,Bfp8,Bfp8,LoFi,2,7,1,2,1,7,4,3,19,87,8845
844,Bfp2,Bfp8,Bfp8,LoFi,2,7,1,2,1,16,4,3,9,47,7708
845,Bfp2,Bfp8,Bfp8,LoFi,2,7,1,2,1,16,4,3,19,87,8798
846,Bfp2,Bfp8,Bfp8,LoFi,2,7,4,4,1,16,4,3,19,203,60221
847,Bfp2,Bfp8,Bfp8,LoFi,2,7,4,4,1,16,4,3,19,87,36461
848,Bfp2,Bfp8,Bfp8,LoFi,2,7,4,4,1,16,4,3,9,103,44024
849,Bfp2,Bfp8,Bfp8,LoFi,2,7,4,4,1,16,4,3,9,47,32940
850,Bfp2,Bfp8,Bfp8,LoFi,2,7,1,4,1,16,4,3,19,203,16490
851,Bfp2,Bfp8,Bfp8,LoFi,2,7,1,4,1,16,4,3,9,103,11209
852,Bfp2,Bfp8,Bfp8,LoFi,2,7,1,4,1,16,4,3,9,47,8992
853,Bfp2,Bfp8,Bfp8,LoFi,2,7,1,4,1,16,4,3,19,87,10057
854,Bfp2,Bfp8,Bfp8,LoFi,3,7,4,2,1,16,4,4,11,55,39773
855,Bfp2,Bfp8,Bfp8,LoFi,3,7,4,2,1,16,4,4,23,103,43047
856,Bfp2,Bfp8,Bfp8,LoFi,2,7,4,4,1,16,4,5,13,143,63364
857,Bfp2,Bfp8,Bfp8,LoFi,2,7,4,4,1,16,4,5,27,283,96143
858,Bfp2,Bfp8,Bfp8,LoFi,2,7,4,4,1,16,4,5,13,63,45418
859,Bfp2,Bfp8,Bfp8,LoFi,2,7,4,4,1,16,4,5,27,119,58773
860,Bfp2,Bfp8,Bfp8,LoFi,2,7,4,2,1,16,4,5,27,119,53206
861,Bfp2,Bfp8,Bfp8,LoFi,3,7,1,2,1,16,4,6,15,71,13739
862,Bfp2,Bfp8,Bfp8,LoFi,3,7,1,2,1,16,4,4,11,55,10422
863,Bfp2,Bfp8,Bfp8,LoFi,3,7,1,2,1,16,4,4,23,103,11306
864,Bfp2,Bfp8,Bfp8,LoFi,2,7,1,4,1,16,4,5,13,143,16368
865,Bfp2,Bfp8,Bfp8,LoFi,2,7,1,4,1,16,4,5,13,63,12273
866,Bfp2,Bfp8,Bfp8,LoFi,2,7,1,4,1,16,4,5,27,119,16103
867,Bfp2,Bfp8,Bfp8,LoFi,2,7,1,2,1,16,4,5,13,63,10822
868,Bfp2,Bfp8,Bfp8,LoFi,2,7,1,2,1,16,4,5,27,119,14549
869,Bfp2,Bfp8,Bfp8,LoFi,3,7,4,2,1,7,4,4,11,55,39629
870,Bfp2,Bfp8,Bfp8,LoFi,3,7,4,2,1,7,4,4,23,103,43241
871,Bfp2,Bfp8,Bfp8,LoFi,3,7,1,2,1,7,4,6,15,71,13739
872,Bfp2,Bfp8,Bfp8,LoFi,3,7,1,2,1,7,4,4,11,55,10448
873,Bfp2,Bfp8,Bfp8,LoFi,3,7,1,2,1,2,4,4,11,55,10518
874,Bfp2,Bfp8,Bfp8,LoFi,3,7,1,2,1,7,4,4,23,103,11315
875,Bfp2,Bfp8,Bfp8,LoFi,3,7,1,2,1,2,4,4,23,103,11414
876,Bfp2,Bfp8,Bfp8,LoFi,2,7,1,2,1,7,4,5,13,63,10779
877,Bfp2,Bfp8,Bfp8,LoFi,2,7,1,2,1,7,4,5,27,119,14581
878,Bfp2,Bfp8,Bfp8,LoFi,2,7,4,2,1,7,4,3,9,47,29322
879,Bfp2,Bfp8,Bfp8,LoFi,2,7,4,2,1,2,4,3,9,47,29374
880,Bfp2,Bfp8,Bfp8,LoFi,2,7,4,2,1,2,4,3,19,87,33109
881,Bfp2,Bfp8,Bfp8,LoFi,2,7,4,2,1,7,4,5,13,63,41317
882,Bfp2,Bfp8,Bfp8,LoFi,2,7,4,2,1,7,4,5,27,119,53171
883,Bfp2,Bfp8,Bfp8,LoFi,2,7,1,4,1,7,4,3,9,103,11202
884,Bfp2,Bfp8,Bfp8,LoFi,2,7,1,4,1,7,4,3,19,203,16411
885,Bfp2,Bfp8,Bfp8,LoFi,2,7,1,4,1,7,4,5,13,143,16295
886,Bfp2,Bfp8,Bfp8,LoFi,2,7,1,4,1,2,4,3,9,103,11283
887,Bfp2,Bfp8,Bfp8,LoFi,2,7,1,4,1,2,4,3,9,47,9016
888,Bfp2,Bfp8,Bfp8,LoFi,2,7,1,4,1,2,4,3,19,203,16444
889,Bfp2,Bfp8,Bfp8,LoFi,2,7,1,4,1,2,4,3,19,87,10079
890,Bfp2,Bfp8,Bfp8,LoFi,2,7,1,4,1,7,4,3,9,47,9040
891,Bfp2,Bfp8,Bfp8,LoFi,2,7,1,4,1,7,4,3,19,87,10057
892,Bfp2,Bfp8,Bfp8,LoFi,2,7,1,4,1,7,4,5,13,63,12343
893,Bfp2,Bfp8,Bfp8,LoFi,2,7,1,4,1,7,4,5,27,119,16139
894,Bfp2,Bfp8,Bfp8,LoFi,2,7,4,4,1,2,4,3,9,103,43983
895,Bfp2,Bfp8,Bfp8,LoFi,2,7,4,4,1,2,4,3,19,203,60234
896,Bfp2,Bfp8,Bfp8,LoFi,2,7,4,4,1,7,4,3,9,103,44004
897,Bfp2,Bfp8,Bfp8,LoFi,2,7,4,4,1,7,4,3,19,203,60167
898,Bfp2,Bfp8,Bfp8,LoFi,2,7,4,4,1,7,4,3,19,87,36379
899,Bfp2,Bfp8,Bfp8,LoFi,2,7,4,4,1,7,4,5,13,63,45333
900,Bfp2,Bfp8,Bfp8,LoFi,2,7,4,4,1,7,4,3,9,47,32893
901,Bfp2,Bfp8,Bfp8,LoFi,2,7,4,4,1,2,4,3,19,87,36522
902,Bfp2,Bfp8,Bfp8,LoFi,2,7,4,4,1,2,4,3,9,47,32933
903,Bfp2,Bfp8,Bfp8,LoFi,1,7,1,2,2,16,4,4,23,103,14740
904,Bfp2,Bfp8,Bfp8,LoFi,1,7,1,2,2,16,4,4,11,55,10277
905,Bfp2,Bfp8,Bfp8,LoFi,3,7,1,2,2,16,4,4,11,55,12125
906,Bfp2,Bfp8,Bfp8,LoFi,3,7,1,2,2,2,4,4,11,55,12433
907,Bfp2,Bfp8,Bfp8,LoFi,2,7,1,2,2,16,4,3,9,47,9045
908,Bfp2,Bfp8,Bfp8,LoFi,2,7,1,2,2,16,4,5,13,63,12338
909,Bfp2,Bfp8,Bfp8,LoFi,2,7,1,2,2,2,4,3,9,47,9077
910,Bfp2,Float16,Float16,HiFi2,1,7,4,4,1,2,4,2,7,83,31605
911,Bfp2,Float16,Float16,HiFi2,1,7,4,4,1,2,4,2,7,39,21681
912,Bfp2,Float16,Float16,HiFi2,3,7,4,2,1,2,4,4,11,55,40775
913,Bfp2,Float16,Float16,HiFi2,1,7,1,2,1,2,4,2,7,39,5377
914,Bfp2,Float16,Float16,HiFi2,1,7,1,2,1,16,4,4,23,103,13038
915,Bfp2,Float16,Float16,HiFi2,3,7,1,2,1,16,4,4,23,103,11549
916,Bfp2,Float16,Float16,HiFi2,3,7,1,2,1,2,4,4,23,103,11801
917,Bfp2,Float16,Float16,HiFi2,3,7,1,2,1,2,4,4,11,55,10835
918,Bfp2,Float16,Float16,HiFi2,1,7,1,2,1,16,4,4,11,55,9071
919,Bfp2,Float16,Float16,HiFi2,1,7,1,2,1,7,4,4,11,55,9076
920,Bfp2,Float16,Float16,HiFi2,3,7,1,2,1,7,4,4,11,55,10677
921,Bfp2,Float16,Float16,HiFi2,3,7,1,2,1,7,4,4,23,103,11634
922,Bfp2,Float16,Float16,HiFi2,2,7,1,2,1,7,4,5,27,119,14499
923,Bfp2,Float16,Float16,HiFi2,2,7,1,2,1,7,4,5,13,63,10883
924,Bfp2,Float16,Float16,HiFi2,1,7,1,2,1,7,4,4,23,103,13074
925,Bfp2,Float16,Float16,HiFi2,2,7,1,2,1,16,4,5,13,63,10964
926,Bfp2,Float16,Float16,HiFi2,2,7,1,2,1,16,4,5,27,119,14506
927,Bfp2,Float16,Float16,HiFi2,2,7,1,2,1,2,4,3,9,47,7987
928,Bfp2,Float16,Float16,HiFi2,2,7,1,2,1,16,4,3,9,47,7893
929,Bfp2,Float16,Float16,HiFi2,2,7,1,2,1,2,4,3,19,87,8973
930,Bfp2,Float16,Float16,HiFi2,2,7,1,2,1,16,4,3,19,87,8754
931,Bfp2,Float16,Float16,HiFi2,1,7,4,2,1,7,4,4,23,103,47249
932,Bfp2,Float16,Float16,HiFi2,1,7,4,2,1,7,4,4,11,55,34099
933,Bfp2,Float16,Float16,HiFi2,3,7,4,2,1,7,4,4,11,55,39841
934,Bfp2,Float16,Float16,HiFi2,3,7,4,2,1,7,4,4,23,103,43323
935,Bfp2,Float16,Float16,HiFi2,2,7,4,2,1,2,4,3,19,87,33356
936,Bfp2,Float16,Float16,HiFi2,2,7,4,2,1,2,4,3,9,47,29578
937,Bfp2,Float16,Float16,HiFi2,2,7,4,2,1,7,4,3,19,87,33249
938,Bfp2,Float16,Float16,HiFi2,2,7,4,2,1,7,4,3,9,47,29580
939,Bfp2,Float16,Float16,HiFi2,1,7,1,4,1,2,4,2,7,83,8548
940,Bfp2,Float16,Float16,HiFi2,1,7,1,4,1,2,4,2,7,39,5901
941,Bfp2,Float16,Float16,HiFi2,1,7,1,4,1,7,4,2,7,39,5849
942,Bfp2,Float16,Float16,HiFi2,1,7,4,4,1,7,4,2,7,39,21607
943,Bfp2,Float16,Float16,HiFi2,1,7,4,4,1,7,4,4,11,123,52982
944,Bfp2,Float16,Float16,HiFi2,1,7,4,4,1,7,4,4,11,55,37337
945,Bfp2,Float16,Float16,HiFi2,1,7,1,4,1,7,4,4,23,243,23005
946,Bfp2,Float16,Float16,HiFi2,1,7,1,4,1,7,4,4,23,103,14551
947,Bfp2,Float16,Float16,HiFi2,1,7,1,4,1,7,4,4,11,123,14453
948,Bfp2,Float16,Float16,HiFi2,1,7,1,4,1,7,4,4,11,55,10279
949,Bfp2,Float16,Float16,HiFi2,2,7,1,4,1,7,4,5,13,143,16145
950,Bfp2,Float16,Float16,HiFi2,2,7,1,4,1,7,4,5,13,63,12474
951,Bfp2,Float16,Float16,HiFi2,2,7,1,4,1,7,4,5,27,119,16210
952,Bfp2,Float16,Float16,HiFi2,2,7,1,4,1,7,4,3,19,203,15793
953,Bfp2,Float16,Float16,HiFi2,2,7,1,4,1,7,4,3,9,103,11122
954,Bfp2,Float16,Float16,HiFi2,2,7,1,4,1,7,4,3,9,47,9101
955,Bfp2,Float16,Float16,HiFi2,2,7,1,4,1,7,4,3,19,87,10169
956,Bfp2,Float16,Float16,HiFi2,1,7,1,4,1,16,4,4,11,123,14466
957,Bfp2,Float16,Float16,HiFi2,1,7,1,4,1,16,4,4,23,243,23040
958,Bfp2,Float16,Float16,HiFi2,1,7,1,4,1,16,4,4,11,55,10310
959,Bfp2,Float16,Float16,HiFi2,1,7,1,4,1,16,4,4,23,103,14583
960,Bfp2,Float16,Float16,HiFi2,2,7,1,4,1,16,4,5,27,283,24976
961,Bfp2,Float16,Float16,HiFi2,2,7,1,4,1,16,4,5,13,143,16188
962,Bfp2,Float16,Float16,HiFi2,2,7,1,4,1,16,4,5,13,63,12460
963,Bfp2,Float16,Float16,HiFi2,2,7,1,4,1,16,4,5,27,119,16099
964,Bfp2,Float16,Float16,HiFi2,2,7,1,4,1,2,4,3,9,103,11469
965,Bfp2,Float16,Float16,HiFi2,2,7,1,4,1,16,4,3,9,103,11149
966,Bfp2,Float16,Float16,HiFi2,2,7,1,4,1,2,4,3,19,203,16847
967,Bfp2,Float16,Float16,HiFi2,2,7,1,4,1,16,4,3,19,203,15762
968,Bfp2,Float16,Float16,HiFi2,2,7,1,4,1,2,4,3,9,47,9153
969,Bfp2,Float16,Float16,HiFi2,2,7,1,4,1,16,4,3,9,47,9100
970,Bfp2,Float16,Float16,HiFi2,2,7,1,4,1,2,4,3,19,87,10232
971,Bfp2,Float16,Float16,HiFi2,2,7,1,4,1,16,4,3,19,87,10172
973,Bfp2,Float16,Float16,HiFi2,1,7,1,2,2,16,4,4,11,55,10960
974,Bfp2,Float16,Float16,HiFi2,3,7,1,2,2,2,4,4,11,55,12734
975,Bfp2,Float16,Float16,HiFi2,3,7,1,2,2,7,4,6,15,71,16272
976,Bfp2,Float16,Float16,HiFi2,1,7,1,2,2,7,4,4,11,55,10864
977,Bfp2,Float16,Float16,HiFi2,1,7,1,2,2,7,4,4,23,103,15416
978,Bfp2,Float16,Float16,HiFi2,3,7,1,2,2,7,4,4,23,103,13914
979,Bfp2,Float16,Float16,HiFi2,3,7,1,2,2,7,4,4,11,55,12370
980,Bfp2,Float16,Float16,HiFi2,2,7,1,2,2,2,4,3,9,47,9554
981,Bfp2,Float16,Float16,HiFi2,2,7,1,2,2,16,4,5,13,63,13190
982,Bfp2,Float16,Float16,HiFi2,2,7,1,2,2,16,4,5,27,119,17409
983,Bfp2,Float16,Float16,HiFi2,2,7,1,2,2,7,4,5,27,119,17409
984,Bfp2,Float16,Float16,HiFi2,2,7,1,2,2,7,4,5,13,63,13129
985,Bfp2,Bfp8,Bfp8,LoFi,1,7,4,4,1,7,2,4,11,55,37523
986,Bfp2,Bfp8,Bfp8,LoFi,1,7,4,4,1,7,2,4,23,103,52080
987,Bfp2,Bfp8,Bfp8,LoFi,1,7,4,4,2,7,2,4,11,55,43256
988,Bfp2,Bfp8,Bfp8,LoFi,2,7,4,4,1,7,2,5,27,119,58629
989,Bfp2,Bfp8,Bfp8,LoFi,2,7,1,4,1,7,2,3,9,47,9041
990,Bfp2,Bfp8,Bfp8,LoFi,2,7,1,4,1,7,2,3,19,87,10056
991,Bfp2,Bfp8,Bfp8,LoFi,2,7,1,4,1,7,2,5,13,63,12323
992,Bfp2,Bfp8,Bfp8,LoFi,2,7,1,4,1,7,2,5,27,119,16223
993,Bfp2,Float16,Float16,HiFi2,2,7,1,4,1,7,2,5,13,63,12524
994,Bfp2,Float16,Float16,HiFi2,2,7,1,4,1,7,2,5,27,119,16274
995,Bfp2,Bfp8,Bfp8,LoFi,2,7,1,4,2,7,2,5,13,63,14610
996,Bfp2,Float16,Float16,HiFi2,2,7,4,4,1,7,2,5,27,119,58569
997,Bfp2,Bfp8,Bfp8,LoFi,1,7,1,4,2,7,2,4,23,103,16767
998,Bfp2,Bfp8,Bfp8,LoFi,1,7,1,4,2,7,2,4,11,55,11815
999,Bfp2,Bfp8,Bfp8,LoFi,1,7,1,4,1,7,2,4,11,55,10094
1000,Bfp2,Bfp8,Bfp8,LoFi,1,7,1,4,1,7,2,4,23,103,14262
1001,Bfp2,Float16,Float16,HiFi2,1,7,1,4,2,7,2,4,11,55,13156
1002,Bfp2,Float16,Float16,HiFi2,1,7,1,4,1,7,2,4,11,55,10191
1003,Bfp2,Float16,Float16,HiFi2,1,7,1,4,1,7,2,4,23,103,14303
1004,Bfp2,Float16,Float16,HiFi2,1,7,4,4,1,7,2,4,11,55,37388
1005,Bfp2,Bfp8,Bfp8,LoFi,2,7,1,4,2,2,2,3,9,47,11048
1006,Bfp2,Bfp8,Bfp8,LoFi,2,7,1,4,1,16,2,3,9,47,9046
1007,Bfp2,Bfp8,Bfp8,LoFi,2,7,1,4,1,2,2,3,9,47,9010
1008,Bfp2,Bfp8,Bfp8,LoFi,2,7,1,4,1,16,2,3,19,87,10074
1009,Bfp2,Bfp8,Bfp8,LoFi,2,7,1,4,1,2,2,3,19,87,10048
1010,Bfp2,Bfp8,Bfp8,LoFi,2,7,1,4,1,16,2,5,13,63,12377
1011,Bfp2,Bfp8,Bfp8,LoFi,2,7,1,4,1,16,2,5,27,119,16237
1012,Bfp2,Float16,Float16,HiFi2,2,7,1,4,1,16,2,5,27,119,16298
1013,Bfp2,Float16,Float16,HiFi2,1,7,1,4,1,16,2,4,11,55,10237
1014,Bfp2,Bfp8,Bfp8,LoFi,1,7,1,4,2,16,2,4,23,103,16836
1015,Bfp2,Bfp8,Bfp8,LoFi,1,7,1,4,2,16,2,4,11,55,11851
1016,Bfp2,Bfp8,Bfp8,LoFi,1,7,1,4,1,16,2,4,11,55,10101
1017,Bfp2,Bfp8,Bfp8,LoFi,1,7,1,4,1,16,2,4,23,103,14285
2000,Bfp2,Bfp8,Bfp8,LoFi,4,21,4,2,2,2,8,5,23,172,174943
2001,Bfp2,Bfp8,Bfp8,LoFi,4,12,4,2,3,2,8,5,42,305,129278
2002,Bfp2,Bfp8,Bfp8,LoFi,4,16,4,2,3,2,8,5,42,305,162858
2003,Bfp2,Bfp8,Bfp8,LoFi,4,12,4,2,4,2,8,5,42,305,155612
2004,Bfp2,Bfp8,Bfp8,LoFi,4,12,4,2,4,2,8,5,23,172,139225
2005,Bfp2,Bfp8,Bfp8,LoFi,3,12,4,2,4,2,8,4,35,256,128512
2006,Bfp2,Bfp8,Bfp8,LoFi,2,12,4,2,4,2,8,3,28,207,99312
2007,Bfp2,Bfp8,Bfp8,LoFi,4,12,4,2,3,2,8,5,23,172,118927
2008,Bfp2,Bfp8,Bfp8,LoFi,4,12,4,2,2,2,8,5,23,172,107669
2009,Bfp2,Bfp8,Bfp8,LoFi,2,12,4,2,2,2,8,3,28,207,74243
2010,Bfp2,Bfp8,Bfp8,LoFi,3,12,4,2,2,2,8,4,35,256,97267
2011,Bfp2,Bfp8,Bfp8,LoFi,3,12,4,2,3,2,8,4,35,256,105482
2012,Bfp2,Bfp8,Bfp8,LoFi,2,12,4,2,3,2,8,3,28,207,79705
2013,Bfp2,Bfp8,Bfp8,LoFi,4,12,4,2,2,2,8,5,42,305,118381
2014,Bfp2,Bfp8,Bfp8,LoFi,4,16,4,2,3,2,8,5,23,172,152431
2015,Bfp2,Bfp8,Bfp8,LoFi,4,16,4,2,2,2,8,5,23,172,137189
2016,Bfp2,Bfp8,Bfp8,LoFi,2,16,4,2,3,2,8,3,28,207,97200
2017,Bfp2,Bfp8,Bfp8,LoFi,3,16,4,2,3,2,8,4,35,256,131092
2018,Bfp2,Bfp8,Bfp8,LoFi,3,21,4,2,2,2,8,4,35,256,148075
2019,Bfp2,Bfp8,Bfp8,LoFi,3,16,4,2,2,2,8,4,35,256,119306
2020,Bfp2,Bfp8,Bfp8,LoFi,4,21,4,2,2,2,8,5,42,305,185163
2021,Bfp2,Bfp8,Bfp8,LoFi,4,16,4,2,2,2,8,5,42,305,147717
2022,Bfp2,Bfp8,Bfp8,LoFi,2,21,4,2,2,2,8,3,28,207,108998
2023,Bfp2,Bfp8,Bfp8,LoFi,2,16,4,2,2,2,8,3,28,207,89242
2026,Bfp2,Bfp8,Bfp8,LoFi,4,12,7,2,2,2,8,5,23,172,184279
2027,Bfp2,Bfp8,Bfp8,LoFi,3,12,7,2,2,2,8,4,35,256,164761
2028,Bfp2,Bfp8,Bfp8,LoFi,4,12,7,2,2,2,8,5,42,305,200962
2029,Bfp2,Bfp8,Bfp8,LoFi,2,12,7,2,2,2,8,3,28,207,125937
2032,Bfp2,Float16,Float16,HiFi2,2,12,4,2,2,2,8,3,28,207,91163
2033,Bfp2,Float16,Float16,HiFi2,3,12,4,2,2,2,8,4,35,256,117128
2034,Bfp2,Float16,Float16,HiFi2,4,12,4,2,2,2,8,5,23,172,120332
2035,Bfp2,Float16,Float16,HiFi2,4,12,4,2,2,2,8,5,42,305,142085
2036,Bfp2,Bfp8,Bfp8,LoFi,2,12,4,2,3,4,8,3,28,207,81205
2037,Bfp2,Bfp8,Bfp8,LoFi,3,12,4,2,3,4,8,4,35,256,106148
2038,Bfp2,Bfp8,Bfp8,LoFi,4,12,4,2,3,4,8,5,42,305,129597
2039,Bfp2,Bfp8,Bfp8,LoFi,4,12,4,2,3,4,8,5,23,172,116064
2040,Bfp2,Bfp8,Bfp8,LoFi,4,12,4,2,2,4,8,5,23,172,104524
2041,Bfp2,Bfp8,Bfp8,LoFi,4,12,4,2,2,4,8,5,42,305,118009
2042,Bfp2,Bfp8,Bfp8,LoFi,2,12,4,2,2,4,8,3,28,207,76145
2043,Bfp2,Bfp8,Bfp8,LoFi,3,12,4,2,2,4,8,4,35,256,95921
2044,Bfp2,Float16,Float16,HiFi2,2,12,4,2,2,4,7,3,28,207,92511
2045,Bfp2,Float16,Float16,HiFi2,2,12,4,2,2,4,4,3,28,207,90766
2046,Bfp2,Float16,Float16,HiFi2,3,12,4,2,2,4,4,4,35,256,115737
2047,Bfp2,Float16,Float16,HiFi2,3,12,4,2,2,4,7,4,35,256,116330
2048,Bfp2,Float16,Float16,HiFi2,4,12,4,2,2,4,4,5,42,305,141287
2049,Bfp2,Float16,Float16,HiFi2,4,12,4,2,2,4,7,5,42,305,141874
2050,Bfp2,Float16,Float16,HiFi2,4,12,4,2,2,4,4,5,23,172,118359
2051,Bfp2,Float16,Float16,HiFi2,4,12,4,2,2,4,7,5,23,172,118747
2052,Bfp2,Bfp8,Bfp8,LoFi,4,12,4,2,2,4,4,5,23,172,104577
2053,Bfp2,Bfp8,Bfp8,LoFi,4,12,4,2,2,4,7,5,23,172,103999
2054,Bfp2,Bfp8,Bfp8,LoFi,4,12,4,2,2,4,4,5,42,305,118062
2055,Bfp2,Bfp8,Bfp8,LoFi,4,12,4,2,2,4,7,5,42,305,116872
2056,Bfp2,Bfp8,Bfp8,LoFi,4,12,4,2,4,4,4,5,42,305,154495
2057,Bfp2,Bfp8,Bfp8,LoFi,4,12,4,2,3,4,4,5,42,305,129386
2058,Bfp2,Bfp8,Bfp8,LoFi,4,12,4,2,3,4,7,5,42,305,128818
2059,Bfp2,Bfp8,Bfp8,LoFi,4,12,4,2,3,4,7,5,23,172,115706
2060,Bfp2,Bfp8,Bfp8,LoFi,4,12,4,2,4,4,4,5,23,172,135609
2061,Bfp2,Bfp8,Bfp8,LoFi,4,12,4,2,3,4,4,5,23,172,115825
2062,Bfp2,Bfp8,Bfp8,LoFi,2,12,4,2,4,4,4,3,28,207,98768
2063,Bfp2,Bfp8,Bfp8,LoFi,3,12,4,2,4,4,4,4,35,256,125795
2064,Bfp2,Bfp8,Bfp8,LoFi,3,12,4,2,3,4,4,4,35,256,104325
2065,Bfp2,Bfp8,Bfp8,LoFi,2,12,4,2,3,4,4,3,28,207,80823
2066,Bfp2,Bfp8,Bfp8,LoFi,2,12,4,2,3,4,7,3,28,207,80180
2067,Bfp2,Bfp8,Bfp8,LoFi,3,12,4,2,3,4,7,4,35,256,104029
2068,Bfp2,Bfp8,Bfp8,LoFi,2,12,4,2,2,4,7,3,28,207,74664
2069,Bfp2,Bfp8,Bfp8,LoFi,3,12,4,2,2,4,7,4,35,256,94859
2070,Bfp2,Bfp8,Bfp8,LoFi,3,12,4,2,2,4,4,4,35,256,96106
2071,Bfp2,Bfp8,Bfp8,LoFi,2,12,4,2,2,4,4,3,28,207,75221
2072,Bfp2,Float16,Float16,HiFi2,4,12,4,2,2,2,4,5,23,172,120142
2073,Bfp2,Float16,Float16,HiFi2,4,12,4,2,2,2,7,5,23,172,120558
2074,Bfp2,Float16,Float16,HiFi2,2,12,4,2,2,2,7,3,28,207,91047
2075,Bfp2,Bfp8,Bfp8,LoFi,2,12,4,2,2,2,7,3,28,207,75754
2076,Bfp2,Bfp8,Bfp8,LoFi,2,12,4,2,2,2,4,3,28,207,74208
2077,Bfp2,Bfp8,Bfp8,LoFi,3,12,4,2,2,2,7,4,35,256,98647
2078,Bfp2,Bfp8,Bfp8,LoFi,4,12,4,2,2,2,7,5,42,305,119604
2079,Bfp2,Bfp8,Bfp8,LoFi,4,12,4,2,2,2,7,5,23,172,108517
2080,Bfp2,Float16,Float16,HiFi2,3,12,4,2,2,2,7,4,35,256,117071
2081,Bfp2,Float16,Float16,HiFi2,4,12,4,2,2,2,7,5,42,305,141961
2082,Bfp2,Float16,Float16,HiFi2,3,12,4,2,2,2,4,4,35,256,116821
2083,Bfp2,Bfp8,Bfp8,LoFi,3,12,4,2,2,2,4,4,35,256,97217
2084,Bfp2,Float16,Float16,HiFi2,4,12,4,2,2,2,4,5,42,305,141461
2085,Bfp2,Bfp8,Bfp8,LoFi,4,12,4,2,2,2,4,5,23,172,107655
2086,Bfp2,Bfp8,Bfp8,LoFi,4,12,4,2,2,2,4,5,42,305,118335
2087,Bfp2,Float16,Float16,HiFi2,2,12,4,2,2,2,4,3,28,207,90577
2088,Bfp2,Bfp8,Bfp8,LoFi,3,12,4,2,4,2,4,4,35,256,128348
2089,Bfp2,Bfp8,Bfp8,LoFi,3,12,4,2,3,2,4,4,35,256,105520
2090,Bfp2,Bfp8,Bfp8,LoFi,2,12,4,2,4,2,4,3,28,207,98984
2091,Bfp2,Bfp8,Bfp8,LoFi,2,12,4,2,3,2,4,3,28,207,79505
2092,Bfp2,Bfp8,Bfp8,LoFi,4,12,4,2,4,2,4,5,42,305,155218
2093,Bfp2,Bfp8,Bfp8,LoFi,4,12,4,2,3,2,4,5,42,305,129149
2094,Bfp2,Bfp8,Bfp8,LoFi,4,12,4,2,4,2,4,5,23,172,138892
2095,Bfp2,Bfp8,Bfp8,LoFi,4,12,4,2,3,2,4,5,23,172,118867
2096,Bfp2,Bfp8,Bfp8,LoFi,3,12,4,2,4,2,7,4,35,256,128620
2097,Bfp2,Bfp8,Bfp8,LoFi,3,12,4,2,3,2,7,4,35,256,106997
2098,Bfp2,Bfp8,Bfp8,LoFi,2,12,4,2,4,2,7,3,28,207,99288
2099,Bfp2,Bfp8,Bfp8,LoFi,2,12,4,2,3,2,7,3,28,207,81220
2100,Bfp2,Bfp8,Bfp8,LoFi,4,12,4,2,4,2,7,5,23,172,139234
2101,Bfp2,Bfp8,Bfp8,LoFi,4,12,4,2,3,2,7,5,23,172,119512
2102,Bfp2,Bfp8,Bfp8,LoFi,4,12,4,2,4,2,7,5,42,305,155600
2103,Bfp2,Bfp8,Bfp8,LoFi,4,12,4,2,3,2,7,5,42,305,130818
2104,Bfp2,Bfp8,Bfp8,LoFi,3,12,7,2,2,2,4,4,35,256,164846
2105,Bfp2,Bfp8,Bfp8,LoFi,2,12,7,2,2,2,4,3,28,207,125964
2106,Bfp2,Bfp8,Bfp8,LoFi,4,12,7,2,2,2,4,5,23,172,184406
2107,Bfp2,Bfp8,Bfp8,LoFi,4,12,7,2,2,2,4,5,42,305,201038
2108,Bfp2,Bfp8,Bfp8,LoFi,3,12,7,2,2,2,7,4,35,256,165496
2109,Bfp2,Bfp8,Bfp8,LoFi,2,12,7,2,2,2,7,3,28,207,126432
2110,Bfp2,Bfp8,Bfp8,LoFi,4,12,7,2,2,2,7,5,23,172,184882
2111,Bfp2,Bfp8,Bfp8,LoFi,4,12,7,2,2,2,7,5,42,305,201603
2112,Bfp2,Bfp8,Bfp8,LoFi,3,16,4,2,3,2,7,4,35,256,132518
2113,Bfp2,Bfp8,Bfp8,LoFi,2,16,4,2,3,2,7,3,28,207,98732
2114,Bfp2,Bfp8,Bfp8,LoFi,3,16,4,2,3,2,4,4,35,256,130801
2115,Bfp2,Bfp8,Bfp8,LoFi,2,16,4,2,3,2,4,3,28,207,96930
2116,Bfp2,Bfp8,Bfp8,LoFi,3,21,4,2,2,2,7,4,35,256,148309
2117,Bfp2,Bfp8,Bfp8,LoFi,3,16,4,2,2,2,7,4,35,256,119627
2118,Bfp2,Bfp8,Bfp8,LoFi,2,21,4,2,2,2,7,3,28,207,109358
2119,Bfp2,Bfp8,Bfp8,LoFi,2,16,4,2,2,2,7,3,28,207,89364
2120,Bfp2,Bfp8,Bfp8,LoFi,2,21,4,2,2,2,4,3,28,207,108969
2121,Bfp2,Bfp8,Bfp8,LoFi,2,16,4,2,2,2,4,3,28,207,89269
2122,Bfp2,Bfp8,Bfp8,LoFi,3,21,4,2,2,2,4,4,35,256,148068
2123,Bfp2,Bfp8,Bfp8,LoFi,3,16,4,2,2,2,4,4,35,256,119279
2124,Bfp2,Bfp8,Bfp8,LoFi,4,21,4,2,2,2,4,5,23,172,174724
2125,Bfp2,Bfp8,Bfp8,LoFi,4,16,4,2,2,2,4,5,23,172,137143
2126,Bfp2,Bfp8,Bfp8,LoFi,4,21,4,2,2,2,4,5,42,305,185223
2127,Bfp2,Bfp8,Bfp8,LoFi,4,16,4,2,2,2,4,5,42,305,147597
2128,Bfp2,Bfp8,Bfp8,LoFi,4,21,4,2,2,2,7,5,23,172,175038
2129,Bfp2,Bfp8,Bfp8,LoFi,4,16,4,2,2,2,7,5,23,172,137454
2130,Bfp2,Bfp8,Bfp8,LoFi,4,21,4,2,2,2,7,5,42,305,185476
2131,Bfp2,Bfp8,Bfp8,LoFi,4,16,4,2,2,2,7,5,42,305,147905
2132,Bfp2,Bfp8,Bfp8,LoFi,4,16,4,2,3,2,4,5,42,305,162582
3000,Bfp2,Float16,Float16,HiFi4,2,12,4,2,2,4,4,3,15,116,95171
3001,Bfp2,Float16,Float16,HiFi4,7,12,4,2,2,2,4,8,63,452,302471
3002,Bfp2,Float16,Float16,HiFi4,4,12,4,2,2,2,4,5,42,305,198488
3003,Bfp2,Float16,Float16,HiFi4,4,12,4,2,2,2,4,5,23,172,152112
3004,Bfp2,Float16,Float16,HiFi4,4,12,4,2,2,4,4,5,23,172,150500
3005,Bfp2,Float16,Float16,HiFi4,4,12,4,2,2,4,4,5,42,305,198509
3006,Bfp2,Float16,Float16,HiFi4,3,12,4,2,2,4,4,4,19,144,122419
3007,Bfp2,Float16,Float16,HiFi4,2,12,4,2,2,4,4,3,28,207,131147
3008,Bfp2,Float16,Float16,HiFi4,3,12,4,2,2,4,4,4,35,256,164397
3009,Bfp2,Float16,Float16,HiFi4,7,12,4,2,2,4,4,8,63,452,302382
3010,Bfp2,Float16,Float16,HiFi4,6,12,4,2,2,4,4,7,56,403,267591
3011,Bfp2,Float16,Float16,HiFi4,5,12,4,2,2,4,4,6,49,354,232649
3012,Bfp2,Float16,Float16,HiFi4,6,12,4,2,2,4,4,7,31,228,207295
3013,Bfp2,Float16,Float16,HiFi4,7,12,4,2,2,4,4,8,35,256,236340
3014,Bfp2,Float16,Float16,HiFi4,5,12,4,2,2,4,4,6,27,200,178426
3015,Bfp2,Float16,Float16,HiFi4,6,12,4,2,2,2,4,7,31,228,209768
3016,Bfp2,Float16,Float16,HiFi4,7,12,4,2,2,2,4,8,35,256,238553
3017,Bfp2,Float16,Float16,HiFi4,2,12,4,2,2,2,4,3,15,116,95331
3018,Bfp2,Float16,Float16,HiFi4,5,12,4,2,2,2,4,6,27,200,180850
3019,Bfp2,Float16,Float16,HiFi4,3,12,4,2,2,2,4,4,19,144,123409
3020,Bfp2,Float16,Float16,HiFi4,6,12,4,2,2,2,4,7,56,403,267504
3021,Bfp2,Float16,Float16,HiFi4,2,12,4,2,2,2,4,3,28,207,131139
3022,Bfp2,Float16,Float16,HiFi4,3,12,4,2,2,2,4,4,35,256,165312
3023,Bfp2,Float16,Float16,HiFi4,5,12,4,2,2,2,4,6,49,354,232672
4000,Bfp2,Float16,Float16,HiFi3,2,12,4,2,2,2,4,3,15,116,80982
4001,Bfp2,Float16,Float16,HiFi3,2,12,4,2,2,4,4,3,15,116,81057
4002,Bfp2,Float16,Float16,HiFi3,4,12,4,2,2,4,4,5,23,172,129280
4003,Bfp2,Float16,Float16,HiFi3,5,12,4,2,2,4,4,6,27,200,154394
4004,Bfp2,Float16,Float16,HiFi3,6,12,4,2,2,4,4,7,31,228,179887
4005,Bfp2,Float16,Float16,HiFi3,7,12,4,2,2,4,4,8,35,256,205155
4006,Bfp2,Float16,Float16,HiFi3,3,12,4,2,2,4,4,4,19,144,104757
4007,Bfp2,Float16,Float16,HiFi3,7,12,4,2,2,2,4,8,35,256,207640
4008,Bfp2,Float16,Float16,HiFi3,5,12,4,2,2,2,4,6,27,200,156657
4009,Bfp2,Float16,Float16,HiFi3,6,12,4,2,2,2,4,7,31,228,182114
4010,Bfp2,Float16,Float16,HiFi3,3,12,4,2,2,2,4,4,19,144,105859
4011,Bfp2,Float16,Float16,HiFi3,4,12,4,2,2,2,4,5,23,172,131373
4012,Bfp2,Float16,Float16,HiFi3,7,12,4,2,2,4,4,8,63,452,247410
4013,Bfp2,Float16,Float16,HiFi3,6,12,4,2,2,4,4,7,56,403,218666
4014,Bfp2,Float16,Float16,HiFi3,3,12,4,2,2,4,4,4,35,256,133060
4015,Bfp2,Float16,Float16,HiFi3,5,12,4,2,2,4,4,6,49,354,189740
4016,Bfp2,Float16,Float16,HiFi3,2,12,4,2,2,4,4,3,28,207,105607
4017,Bfp2,Float16,Float16,HiFi3,4,12,4,2,2,4,4,5,42,305,161178
4018,Bfp2,Float16,Float16,HiFi3,7,12,4,2,2,2,4,8,63,452,247682
4019,Bfp2,Float16,Float16,HiFi3,3,12,4,2,2,2,4,4,35,256,134297
4020,Bfp2,Float16,Float16,HiFi3,6,12,4,2,2,2,4,7,56,403,218903
4021,Bfp2,Float16,Float16,HiFi3,4,12,4,2,2,2,4,5,42,305,161482
4022,Bfp2,Float16,Float16,HiFi3,5,12,4,2,2,2,4,6,49,354,189872
4023,Bfp2,Float16,Float16,HiFi3,2,12,4,2,2,2,4,3,28,207,105616
5000,Bfp2_b,Float16_b,Float16_b,HiFi3,5,12,4,2,2,2,4,6,27,200,156691
5001,Bfp2_b,Float16_b,Float16_b,HiFi4,3,12,4,2,2,2,4,4,35,256,165349
5002,Bfp2_b,Float16_b,Float16_b,HiFi3,3,12,4,2,2,2,4,4,35,256,134165
5003,Bfp2_b,Float16_b,Float16_b,HiFi4,7,12,4,2,2,2,4,8,35,256,238533
5004,Bfp2_b,Float16_b,Float16_b,HiFi3,7,12,4,2,2,2,4,8,35,256,207598
5005,Bfp2_b,Float16_b,Float16_b,HiFi3,7,12,4,2,2,4,4,8,35,256,205252
5006,Bfp2_b,Float16_b,Float16_b,HiFi4,7,12,4,2,2,4,4,8,35,256,236112
5007,Bfp2_b,Float16_b,Float16_b,HiFi4,3,12,4,2,2,4,4,4,35,256,164464
5008,Bfp2_b,Float16_b,Float16_b,HiFi3,3,12,4,2,2,4,4,4,35,256,132924
5009,Bfp2_b,Float16_b,Float16_b,HiFi4,2,12,4,2,2,2,4,3,15,116,95215
5010,Bfp2_b,Float16_b,Float16_b,HiFi3,2,12,4,2,2,2,4,3,15,116,80943
5011,Bfp2_b,Float16_b,Float16_b,HiFi4,5,12,4,2,2,2,4,6,27,200,180905
5012,Bfp2_b,Float16_b,Float16_b,HiFi4,4,12,4,2,2,2,4,5,23,172,152077
5013,Bfp2_b,Float16_b,Float16_b,HiFi4,6,12,4,2,2,2,4,7,31,228,209707
5014,Bfp2_b,Float16_b,Float16_b,HiFi4,3,12,4,2,2,2,4,4,19,144,123197
5015,Bfp2_b,Float16_b,Float16_b,HiFi3,4,12,4,2,2,2,4,5,23,172,131355
5016,Bfp2_b,Float16_b,Float16_b,HiFi3,3,12,4,2,2,2,4,4,19,144,106042
5017,Bfp2_b,Float16_b,Float16_b,HiFi3,6,12,4,2,2,2,4,7,31,228,182320
5018,Bfp2_b,Float16_b,Float16_b,HiFi3,4,12,4,2,2,4,4,5,23,172,129312
5019,Bfp2_b,Float16_b,Float16_b,HiFi4,4,12,4,2,2,4,4,5,23,172,150599
5020,Bfp2_b,Float16_b,Float16_b,HiFi3,2,12,4,2,2,4,4,3,15,116,80825
5021,Bfp2_b,Float16_b,Float16_b,HiFi4,2,12,4,2,2,4,4,3,15,116,95211
5022,Bfp2_b,Float16_b,Float16_b,HiFi3,6,12,4,2,2,4,4,7,31,228,179825
5023,Bfp2_b,Float16_b,Float16_b,HiFi3,5,12,4,2,2,4,4,6,27,200,154307
5024,Bfp2_b,Float16_b,Float16_b,HiFi4,6,12,4,2,2,4,4,7,31,228,207422
5025,Bfp2_b,Float16_b,Float16_b,HiFi4,5,12,4,2,2,4,4,6,27,200,178635
5026,Bfp2_b,Float16_b,Float16_b,HiFi4,3,12,4,2,2,4,4,4,19,144,122451
5027,Bfp2_b,Float16_b,Float16_b,HiFi3,3,12,4,2,2,4,4,4,19,144,104756
5028,Bfp2_b,Float16_b,Float16_b,HiFi4,4,12,4,2,2,4,4,5,42,305,198531
5029,Bfp2_b,Float16_b,Float16_b,HiFi3,4,12,4,2,2,4,4,5,42,305,161107
5030,Bfp2_b,Float16_b,Float16_b,HiFi4,4,12,4,2,2,2,4,5,42,305,198541
5031,Bfp2_b,Float16_b,Float16_b,HiFi4,2,12,4,2,2,2,4,3,28,207,131176
5032,Bfp2_b,Float16_b,Float16_b,HiFi4,6,12,4,2,2,2,4,7,56,403,267554
5033,Bfp2_b,Float16_b,Float16_b,HiFi4,5,12,4,2,2,2,4,6,49,354,232687
5034,Bfp2_b,Float16_b,Float16_b,HiFi3,2,12,4,2,2,2,4,3,28,207,105721
5035,Bfp2_b,Float16_b,Float16_b,HiFi3,6,12,4,2,2,2,4,7,56,403,218713
5036,Bfp2_b,Float16_b,Float16_b,HiFi3,5,12,4,2,2,2,4,6,49,354,189829
5037,Bfp2_b,Float16_b,Float16_b,HiFi3,2,12,4,2,2,4,4,3,28,207,105682
5038,Bfp2_b,Float16_b,Float16_b,HiFi4,2,12,4,2,2,4,4,3,28,207,131113
5039,Bfp2_b,Float16_b,Float16_b,HiFi3,6,12,4,2,2,4,4,7,56,403,218642
5040,Bfp2_b,Float16_b,Float16_b,HiFi4,6,12,4,2,2,4,4,7,56,403,267484
5041,Bfp2_b,Float16_b,Float16_b,HiFi3,5,12,4,2,2,4,4,6,49,354,189736
5042,Bfp2_b,Float16_b,Float16_b,HiFi4,5,12,4,2,2,4,4,6,49,354,232527
5043,Bfp2_b,Float16_b,Float16_b,HiFi3,4,12,4,2,2,2,4,5,42,305,161527
5044,Bfp2_b,Float16_b,Float16_b,HiFi3,7,12,4,2,2,4,4,8,63,452,247198
5045,Bfp2_b,Float16_b,Float16_b,HiFi3,7,12,4,2,2,2,4,8,63,452,247694
5046,Bfp2_b,Float16_b,Float16_b,HiFi4,7,12,4,2,2,2,4,8,63,452,302450
5047,Bfp2_b,Float16_b,Float16_b,HiFi4,7,12,4,2,2,4,4,8,63,452,302307